no,tahun,judul,tautan
1,2007,PEREMPUAN IRAN: OBSERVASI ANTARA KONSTITUSI DAN HDI,https://dinasulaeman.wordpress.com/2007/04/28/perempuan-iran-observasi-antara-konstitusi-dan-hdi/
2,2007,Analisis Kemenangan Hizbullah,https://dinasulaeman.wordpress.com/2007/04/28/analisis-kemenangan-hizbullah/
3,2007,Menatap Wajah Hezbollah dari Iran,https://dinasulaeman.wordpress.com/2007/04/28/menatap-wajah-hezbollah-dari-iran/
4,2007,Mengapa Pierre Gemayel Dibunuh?,https://dinasulaeman.wordpress.com/2007/04/28/mengapa-pierre-gemayel-dibunuh/
5,2007,Nuklir Untuk Rakyat,https://dinasulaeman.wordpress.com/2007/04/28/nuklir-untuk-rakyat/
6,2007,Mengapa Kaum Muslimin Sedunia Harus Membela Palestina?,https://dinasulaeman.wordpress.com/2007/04/28/mengapa-kaum-muslimin-sedunia-harus-membela-palestina/
7,2007,Holocaust: Mitos atau Fakta?,https://dinasulaeman.wordpress.com/2007/04/28/holocaust-mitos-atau-fakta/
8,2007,Mencari Manusia Setengah Dewa,https://dinasulaeman.wordpress.com/2007/04/28/mencari-manusia-setengah-dewa/
9,2007,Embargo di Musim Semi,https://dinasulaeman.wordpress.com/2007/04/26/embargo-di-musim-semi/
10,2007,Resolusi Embargo Iran dan Self Delegitimation PBB,https://dinasulaeman.wordpress.com/2007/04/26/resolusi-embargo-iran-dan-self-delegitimation-pbb/
11,2007,Bangsa yang Gila Demo,https://dinasulaeman.wordpress.com/2007/05/01/bangsa-yang-gila-demo/
12,2007,Doktor Cilik dan Bintang-Bintang Penerus Doktor Cilik,https://dinasulaeman.wordpress.com/2007/10/09/kisah-dr-cilik/
13,2007,Ahmadinejad dan Kebebalan Akademik,https://dinasulaeman.wordpress.com/2007/10/09/ahmadinejad-dan-kebebalan-akademik/
14,2007,Tokoh-Tokoh yang Berperan Kunci di Annapolis,https://dinasulaeman.wordpress.com/2007/11/26/tokoh-tokoh-yang-berperan-kunci-di-annapolis/
15,2007,Siapa di Balik Konflik Lebanon?,https://dinasulaeman.wordpress.com/2007/11/26/siapa-di-balik-konflik-lebanon/
16,2007,"Turki, si Kecil yang Ingin Bergabung dengan Raksasa",https://dinasulaeman.wordpress.com/2007/11/04/turki-si-kecil-yang-ingin-bergabung-dengan-raksasa/
17,2007,Tabel Sejarah Palestina,https://dinasulaeman.wordpress.com/2007/11/04/tabel-sejarah-palestina/
18,2007,Apa Hasil Konferensi “Damai” Annapolis?,https://dinasulaeman.wordpress.com/2007/12/04/apa-hasil-konferensi-%e2%80%9cdamai%e2%80%9d-annapolis/
19,2008,Pelangi di Persia: Menyusuri Eksotisme Iran,https://dinasulaeman.wordpress.com/2008/01/05/pelangi-di-persia-menyusuri-eksotisme-iran/
20,2008,Trying to Understand The Suicide Killings (1),https://dinasulaeman.wordpress.com/2008/03/24/trying-to-understand-the-suicide-killings-in-gaza-1/
21,2008,Pro-Kontra Kerusuhan Mei di Beirut,https://dinasulaeman.wordpress.com/2008/05/18/pro-kontra-kerusuhan-mei-di-beirut/
22,2008,Pernyataan Ahmadinejad Atas Peringatan “Ulang Tahun ke-60” Israel,https://dinasulaeman.wordpress.com/2008/05/14/pernyataan-ahmadinejad-atas-peringatan-%e2%80%9culang-tahun%e2%80%9d-israel/
23,2008,60 Years Al Nakba: The Forgotten Christians and Jews,https://dinasulaeman.wordpress.com/2008/05/14/60-years-al-nakba-the-forgotten-christians-and-jews/
24,2008,"Konferensi Palestina di UI, Depok",https://dinasulaeman.wordpress.com/2008/05/12/konferensi-palestina-di-ui-jakarta/
25,2008,Trying to Understand The Suicide Killings (2),https://dinasulaeman.wordpress.com/2008/05/11/trying-to-understand-the-suicide-killings-2/
26,2008,Perjanjian Rahasia Baghdad-Washington,https://dinasulaeman.wordpress.com/2008/06/09/perjanjian-rahasia-baghdad-washington/
27,2008,"Iran, Nuklir, Khomeini",https://dinasulaeman.wordpress.com/2008/06/03/iran-nuklir-khomeini/
28,2008,Ahmadinejad on Palestine,https://dinasulaeman.wordpress.com/2008/07/15/telah-terbit-ahmadinejad-on-palestine/
29,2008,Obama dan Gagalnya Perjanjian Baghdad-Washington,https://dinasulaeman.wordpress.com/2008/08/14/obama-dan-gagalnya-perjanjian-baghdad-washington/
30,2008,Seruan Demokrasi yang Diedit,https://dinasulaeman.wordpress.com/2008/09/28/seruan-demokrasi-yang-diedit/
31,2008,Foto Yaumul Quds di Iran,https://dinasulaeman.wordpress.com/2008/09/27/foto-yaumul-quds-di-iran/
32,2008,"Pidato Ahmadinejad di PBB, 2008",https://dinasulaeman.wordpress.com/2008/09/24/pidato-ahmadinejad-di-pbb-2008/
33,2008,Kunci Kekuatan Taliban,https://dinasulaeman.wordpress.com/2008/10/31/kunci-kekuatan-taliban/
34,2008,Talkshow “Palestina dan Kemanusiaan”- HI Unpad,https://dinasulaeman.wordpress.com/2008/11/19/talkshow-palestina-dan-kemanusiaan-hi-unpad/
35,2008,Buku Untuk Anak,https://dinasulaeman.wordpress.com/2008/11/13/metode-doktor-cilik/
36,2008,Siapa yang Berhak Memiliki Palestina? (1),https://dinasulaeman.wordpress.com/2008/11/10/siapa-yang-berhak-memiliki-palestina-1/
37,2008,Ahmadinejad: 7 Penderitaan yang Diakibatkan oleh Rezim Zionis,https://dinasulaeman.wordpress.com/2008/12/31/ahmadinejad-7-penderitaan-yang-diakibatkan-oleh-rezim-zionis/
38,2008,"Pesan Pemimpin Iran, Ayatullah Khamenei, Menyusul Pembantaian Sadis Warga Palestina di Gaza",https://dinasulaeman.wordpress.com/2008/12/29/pesan-pemimpin-iran-ayatullah-khamenei-menyusul-pembantaian-sadis-warga-palestina-di-gaza/
39,2009,Kebohongan Israel [by Henry Siegman],https://dinasulaeman.wordpress.com/2009/01/31/kebohongan-israel-by-henry-siegman/
40,2009,Antara Teheran dan Gaza,https://dinasulaeman.wordpress.com/2009/01/19/antara-teheran-dan-gaza/
41,2009,Gencatan Senjata Sepihak Israel: Taktik Propaganda Baru!,https://dinasulaeman.wordpress.com/2009/01/18/olmert-umumkan-gencatan-senjata-serangan-ke-gaza-jalan-terus/
42,2009,[video] Jerit Histeris Dokter Palestina,https://dinasulaeman.wordpress.com/2009/01/18/video-jerit-histeris-dokter-palestina/
43,2009,Sejarah Tidak Dimulai dengan Roket Qassam (Haaretz.com),https://dinasulaeman.wordpress.com/2009/01/16/sejarah-tidak-dimulai-dengan-roket-qassam-haaretzcom/
44,2009,Laporan dari Gaza oleh Kayhan News,https://dinasulaeman.wordpress.com/2009/01/14/laporan-dari-gaza-oleh-kayhan-news/
45,2009,Sikap Diam Obama,https://dinasulaeman.wordpress.com/2009/01/08/sikap-diam-obama/
46,2009,"Surabaya Dulu, Gaza Sekarang",https://dinasulaeman.wordpress.com/2009/01/08/surabaya-dulu-gaza-sekarang/
47,2009,Siapa yang Berhak Memiliki Palestina (2),https://dinasulaeman.wordpress.com/2009/01/04/siapa-yang-berhak-memiliki-palestina-2/
48,2009,Perang Baru Obama: Afghan-Pakistan,https://dinasulaeman.wordpress.com/2009/03/28/perang-baru-obama-afgan-pakistan/
49,2009,Dari Konferensi Palestina di Teheran,https://dinasulaeman.wordpress.com/2009/03/11/dari-konferensi-palestina-di-teheran/
50,2009,Hamas yang tak Lagi Misteri,https://dinasulaeman.wordpress.com/2009/03/01/hamas-yang-tak-lagi-misteri/
51,2009,Janji Obama: Jerusalem Akan Menjadi Ibu Kota Israel,https://dinasulaeman.wordpress.com/2009/04/26/janji-obama-jerusalem-akan-menjadi-ibu-kota-israel/
52,2009,Kunjungan Obama ke Turki: Babak Baru Hubungan Islam-Amerika?,https://dinasulaeman.wordpress.com/2009/04/26/kunjungan-obama-ke-turki-babak-baru-hubungan-islam-amerika/
53,2009,"Obama, CIA, Ahmadinejad (Paul Joseph Watson)",https://dinasulaeman.wordpress.com/2009/06/28/obama-cia-ahmadinejad-paul-joseph-watson/
54,2009,Iran di Mata Seorang Wartawan Indonesia,https://dinasulaeman.wordpress.com/2009/06/26/iran-di-mata-seorang-wartawan-indonesia/
55,2009,Kebohongan CNN-Reuters,https://dinasulaeman.wordpress.com/2009/06/25/kebohongan-cnn-reuters/
56,2009,Antara Chavez dan Ahmadinejad (Bill van Auken),https://dinasulaeman.wordpress.com/2009/06/25/antara-chavez-dan-ahmadinejad-bill-van-auken/
57,2009,Gelombang Amarah Rakyat Terhadap Mir Husein Mousavi (Kayhan),https://dinasulaeman.wordpress.com/2009/06/25/gelombang-amarah-rakyat-terhadap-mir-husein-musawi-kayhan/
58,2009,Tentang Neda dan Kekerasan di Iran,https://dinasulaeman.wordpress.com/2009/06/24/tentang-neda-dan-kekerasan-di-iran/
59,2009,Kebohongan “Kecurangan Pemilu” (oleh Prof. James Petras),https://dinasulaeman.wordpress.com/2009/06/23/kebohongan-kecurangan-pemilu-oleh-prof-james-petras/
60,2009,Kebohongan BBC,https://dinasulaeman.wordpress.com/2009/06/19/kebohongan-bbc/
61,2009,Di Balik Kekisruhan Pemilu Iran,https://dinasulaeman.wordpress.com/2009/06/17/di-balik-kekisruhan-pemilu-iran/
62,2009,Kekacauan di Iran dan “Operasi Ajax” CIA,https://dinasulaeman.wordpress.com/2009/06/16/kekacauan-di-iran-dan-operasi-ajax-cia/
63,2009,Journey to Iran,https://dinasulaeman.wordpress.com/2009/07/17/direct-selling-pelangi-di-persia/
64,2009,Analisis Kebijakan Luar Negeri AS terhadap Israel pada Era Obama,https://dinasulaeman.wordpress.com/2009/09/26/analisis-kebijakan-luar-negeri-as-terhadap-israel-pada-era-obama/
65,2009,911: Kebohongan Amerika,https://dinasulaeman.wordpress.com/2009/09/16/911-kebohongan-amerika/
66,2009,"Jundullah, Teror di Iran, dan Catatan untuk Eramuslim",https://dinasulaeman.wordpress.com/2009/10/19/jundullah-teror-di-iran-dan-catatan-untuk-eramuslim/
67,2009,Perang dan Hadiah Nobel (Howard Zinn),https://dinasulaeman.wordpress.com/2009/10/13/perang-dan-hadiah-nobel-howard-zinn/
68,2009,Benarkah Ahmadinejad Yahudi?,https://dinasulaeman.wordpress.com/2009/10/11/benarkah-ahmadinejad-yahudi/
69,2009,"Kalau di Iran, Ini Namanya Pelanggaran HAM",https://dinasulaeman.wordpress.com/2009/10/05/kalau-di-iran-ini-namanya-pelanggaran-ham/
70,2009,Wishful Thinking from Tehran,https://dinasulaeman.wordpress.com/2009/10/04/wishful-thinking-from-tehran/
71,2009,"Perang Irak, Obama, Realis/Idealis",https://dinasulaeman.wordpress.com/2009/11/09/perang-irak-obama-realisidealis/
72,2009,Iran… Iran…,https://dinasulaeman.wordpress.com/2009/12/31/iran-iran/
73,2009,Peran Bank Dunia dalam Kemunduran Perekonomian Indonesia,https://dinasulaeman.wordpress.com/2009/12/30/peran-bank-dunia-dalam-kemunduran-perekonomian-indonesia/
74,2009,Surat Terbuka Moore kepada Obama,https://dinasulaeman.wordpress.com/2009/12/29/surat-terbuka-moore-kepada-obama/
75,2010,Bisnis Opium AS di Afghanistan,https://dinasulaeman.wordpress.com/2010/01/23/bisnis-opium-as-di-afghanistan/
76,2010,Ketika Premis Wahyu Diabaikan,https://dinasulaeman.wordpress.com/2010/01/18/ketika-premis-wahyu-diabaikan/
77,2010,Yaman: Perang Obama Selanjutnya? (3),https://dinasulaeman.wordpress.com/2010/01/15/yaman-perang-obama-selanjutnya-3/
78,2010,Yaman: Perang Obama Selanjutnya? (2),https://dinasulaeman.wordpress.com/2010/01/15/yaman-perang-obama-selanjutnya-2/
79,2010,Yaman: Perang Obama Selanjutnya?,https://dinasulaeman.wordpress.com/2010/01/09/yaman-perang-obama-selanjutnya/
80,2010,Viva Palestina!,https://dinasulaeman.wordpress.com/2010/01/07/viva-palestina/
81,2010,Mengapa Kita -apapun agamanya-Harus Dukung Palestina?,https://dinasulaeman.wordpress.com/2010/01/07/mengapa-kita-apapun-agamanya-harus-dukung-palestina/
82,2010,"Mengapa Saya Terus Menulis Tentang Iran, Israel, AS?",https://dinasulaeman.wordpress.com/2010/01/05/mengapa-saya-terus-menulis-tentang-iran-israel-as/
83,2010,Obama Tetap Pertahankan Kebijakan Militeristik di Afghanistan,https://dinasulaeman.wordpress.com/2010/01/04/obama-tetap-pertahankan-kebijakan-militeristik-di-afghanistan/
84,2010,"Karena Stack Orang AS, Dia Bukan Teroris!",https://dinasulaeman.wordpress.com/2010/02/27/karena-stack-orang-as-dia-bukan-teroris/
85,2010,Namaku Juana. Separuh Jiwaku Ada di Gaza.,https://dinasulaeman.wordpress.com/2010/02/19/namaku-juana-by-ah/
86,2010,Perdebatan Tentang HAM; IMF dan Liberalisme,https://dinasulaeman.wordpress.com/2010/02/19/perdebatan-tentang-ham-imf-dan-liberalisme/
87,2010,Selamat Datang Israel! (Surat untuk Pak Tifatul),https://dinasulaeman.wordpress.com/2010/02/06/selamat-datang-israel-surat-untuk-pak-tifatul/
88,2010,Gaza Wants to Eat!,https://dinasulaeman.wordpress.com/2010/02/06/gaza-wants-to-eat/
89,2010,Mitos Tanah yang Dijanjikan,https://dinasulaeman.wordpress.com/2010/02/02/mitos-tanah-yang-dijanjikan/
90,2010,"Widjodjo Nitisastro, Mafia Berkeley dan Restorasi Ekonomi Indonesia",https://dinasulaeman.wordpress.com/2010/03/12/widjodjo-nitisastro-mafia-berkeley-dan-restorasi-ekonomi-indonesia/
91,2010,"Century, SBY, dan Obama",https://dinasulaeman.wordpress.com/2010/03/05/century-sby-dan-obama/
92,2010,"Terbit: Obama Revealed, Realitas di Balik Pencitraan",https://dinasulaeman.wordpress.com/2010/03/03/segera-terbit-obama-revealed-realitas-di-balik-pencitraan/
93,2010,Coming Soon: Dari Jendela Hauzah (Sebuah Novel),https://dinasulaeman.wordpress.com/2010/03/01/coming-soon-dari-jendela-hauzah-sebuah-novel/
94,2010,Kamu kan Juga Pake…?!,https://dinasulaeman.wordpress.com/2010/04/30/437/
95,2010,Siapa di Balik Perang Melawan Terorisme?,https://dinasulaeman.wordpress.com/2010/04/04/siapa-di-balik-perang-melawan-terorisme/
96,2010,Apa yang Bisa Dilakukan Orang Biasa? BOIKOT!!,https://dinasulaeman.wordpress.com/2010/05/31/apa-yang-bisa-dilakukan-orang-biasa-boikot/
97,2010,Tentang Liberalisme Ekonomi (2): Membongkar Kerapuhan Asumsi Liberalisme,https://dinasulaeman.wordpress.com/2010/05/10/tentang-liberalisme-ekonomi-2-membongkar-kerapuhan-asumsi-liberalisme/
98,2010,Kejamnya Liberalisme Ekonomi,https://dinasulaeman.wordpress.com/2010/05/10/kejamnya-liberalisme-ekonomi/
99,2010,Tentang Liberalisme Ekonomi (1): Sri Mulyani Itu Orang Baik Kok!,https://dinasulaeman.wordpress.com/2010/05/07/tentang-liberalisme-ekonomi-1-sri-mulyani-itu-orang-baik-kok/
100,2010,SMI Jadi Managing Director Bank Dunia?,https://dinasulaeman.wordpress.com/2010/05/06/smi-jadi-managing-director-bank-dunia/
101,2009,Peran Bank Dunia dalam Kemunduran Perekonomian Indonesia,https://dinasulaeman.wordpress.com/2009/12/30/peran-bank-dunia-dalam-kemunduran-perekonomian-indonesia/#comment-1188
102,2010,Era Anarkhi Korporasi,https://dinasulaeman.wordpress.com/2010/06/20/era-anarkhi-korporasi/
103,2010,"Iran, Hukum Rajam, dan “Ariel”",https://dinasulaeman.wordpress.com/2010/06/11/iran-hukum-rajam-dan-%e2%80%9cariel%e2%80%9d/
104,2010,Mengapa Harus Bela Palestina Sementara Banyak Orang Susah di Sini?,https://dinasulaeman.wordpress.com/2010/06/05/mengapa-harus-bela-palestina-sementara-banyak-orang-susah-di-sini/
105,2010,"Irlandia, Rachel Corrie, dan Gaza",https://dinasulaeman.wordpress.com/2010/06/04/irlandia-rachel-corrie-dan-gaza/
106,2010,Invisible Government dan Operasi Siluman AS di Dunia,https://dinasulaeman.wordpress.com/2010/07/21/invisible-government-dan-operasi-siluman-as-di-dunia/
107,2010,Repost:Yaumul Quds,https://dinasulaeman.wordpress.com/2010/08/28/repostyaumul-quds/
108,2010,"Perang Gaza, Perang Gas",https://dinasulaeman.wordpress.com/2010/08/21/perang-gaza-perang-gas/
109,2010,Paradoks Hubungan Indonesia-Belanda (Analisis Poskolonialisme),https://dinasulaeman.wordpress.com/2010/08/17/paradoks-hubungan-indonesia-belanda-analisis-poskolonialisme/
110,2010,Kritik untuk EraMuslim Lagi: Mengapa AS Menyerang Irak?,https://dinasulaeman.wordpress.com/2010/08/14/kritik-untuk-eramuslim-lagi-mengapa-as-menyerang-irak/
111,2010,Ilusi Uang Kertas,https://dinasulaeman.wordpress.com/2010/08/10/ilusi-uang-kertas/
112,2010,Antisipasi Redenominasi Rupiah,https://dinasulaeman.wordpress.com/2010/08/10/antisipasi-redenominasi-rupiah/
113,2010,I’m offline…,https://dinasulaeman.wordpress.com/2010/09/23/im-offline/
114,2010,EKONOMI-POLITIK GLOBAL  (Dominasi dollar-penjajahan The Fed-penjajahan Israel atas Palestina),https://dinasulaeman.wordpress.com/2010/09/18/ekonomi-politik-global-dominasi-dollar-penjajahan-the-fed-penjajahan-israel-atas-palestina/
115,2010,The Fed: Penguasa Amerika yang Sebenarnya,https://dinasulaeman.wordpress.com/2010/09/14/the-fed-penguasa-amerika-yang-sebenarnya/
116,2010,"Yaumul Quds, Jakarta 2010",https://dinasulaeman.wordpress.com/2010/09/04/yaumul-quds-jakarta-2010/
117,2010,Berkaca Pada Palestina (by Regina),https://dinasulaeman.wordpress.com/2010/09/02/berkaca-pada-palestina-by-gina/
118,2011,Tunisia Seharusnya Belajar dari Indonesia,https://dinasulaeman.wordpress.com/2011/01/31/tunisia-seharusnya-belajar-pada-indonesia/
119,2011,Seandainya Einstein Masih Hidup,https://dinasulaeman.wordpress.com/2011/01/22/seandainya-einstein-masih-hidup/
120,2011,Siapa di Balik Wikileaks?,https://dinasulaeman.wordpress.com/2011/01/16/siapa-di-balik-wikileaks/
121,2011,"Blog Kajian Timur Tengah, 2010 in Review",https://dinasulaeman.wordpress.com/2011/01/03/blog-kajian-timur-tengah-2010-in-review/
122,2011,Kini Tiba Giliran Libya,https://dinasulaeman.wordpress.com/2011/02/25/kini-tiba-giliran-libya/
123,2011,Iran pun Bergolak?,https://dinasulaeman.wordpress.com/2011/02/18/606/
124,2011,Mesir dan Tunisia: Analisis dari Iran,https://dinasulaeman.wordpress.com/2011/02/11/mesir-dan-tunisia-analisis-dari-iran/
125,2011,Mesir: Siapa yang Sesungguhnya Bermain?,https://dinasulaeman.wordpress.com/2011/02/01/mesir-siapa-yang-sesungguhnya-bermain/
126,2011,"Krisis Timur Tengah, Minyak, dan Operasi Siluman",https://dinasulaeman.wordpress.com/2011/03/24/krisis-timur-tengah-minyak-dan-operasi-siluman/
127,2011,Bahrain: Perjuangan di “Kota Dosa”,https://dinasulaeman.wordpress.com/2011/03/24/bahrain-perjuangan-di-%e2%80%9ckota-dosa%e2%80%9d/
128,2011,Memetakan Konflik Libya dengan Paradigma dari Iran,https://dinasulaeman.wordpress.com/2011/03/07/memetakan-konflik-libya-dengan-paradigma-dari-iran/
129,2011,Siapa di Belakang Perompak Somalia?,https://dinasulaeman.wordpress.com/2011/04/12/perompak-dari-somalia/
130,2011,Kuis Blog Kajian Timur Tengah,https://dinasulaeman.wordpress.com/2011/05/24/kuis-blog-kajian-timur-tengah/
131,2011,Syria: Prahara di Negeri Kaum Pengungsi,https://dinasulaeman.wordpress.com/2011/05/23/syria-prahara-di-negeri-kaum-pengungsi/
132,2011,Ada Obama di Balik Osama,https://dinasulaeman.wordpress.com/2011/05/22/652/
133,2011,Bahrain dan Undangan Pesta Kerajaan Inggris,https://dinasulaeman.wordpress.com/2011/05/19/bahrain-dan-undangan-pesta-kerajaan-inggris/
134,2011,Salah Satu Bukti?,https://dinasulaeman.wordpress.com/2011/05/13/salah-satu-bukti/
135,2011,Ke Iran setelah 30 Tahun Diembargo Amerika (by Dahlan Iskan),https://dinasulaeman.wordpress.com/2011/05/10/ke-iran-setelah-30-tahun-diembargo-amerika-by-dahlan-iskan/
136,2011,The Bilderberger (1),https://dinasulaeman.wordpress.com/2011/07/22/the-bilderberger/
137,2011,"Rakyat Libya Menolak NATO, kok!",https://dinasulaeman.wordpress.com/2011/07/17/rakyat-libya-menolak-nato-kok/
138,2011,Personal Report:),https://dinasulaeman.wordpress.com/2011/07/17/personal-report/
139,2011,Kebohongan Media Mainstream Soal Libya,https://dinasulaeman.wordpress.com/2011/08/27/kebohongan-media-di-libya/
140,2011,Serapuh Sarang Laba-Laba…,https://dinasulaeman.wordpress.com/2011/08/24/serapuh-sarang-laba-laba/
141,2011,Pendidikan Jihad ala AS,https://dinasulaeman.wordpress.com/2011/08/08/pendidikan-jihad-ala-as/
142,2011,The Bilderberger (2),https://dinasulaeman.wordpress.com/2011/08/02/the-bilderberger-2/
143,2011,Perampokan a la NATO,https://dinasulaeman.wordpress.com/2011/09/22/perampokan-a-la-nato/
144,2011,Hegemoni Epistemic Community,https://dinasulaeman.wordpress.com/2011/09/21/hegemoni-epistemic-community/
145,2011,"Tragedi 9-11: Ternyata, Penguasa WTC adalah Pengusaha Zionis",https://dinasulaeman.wordpress.com/2011/09/11/tragedi-9-11-ternyata-penguasa-wtc-adalah-pengusaha-zionis/
146,2011,Era Perdagangan Perempuan,https://dinasulaeman.wordpress.com/2011/11/24/era-perdagangan-perempuan/
147,2011,Ada Apa Amerika?,https://dinasulaeman.wordpress.com/2011/11/03/ada-apa-amerika/
148,2011,"Jepang, Antara Cinta dan Dendam",https://dinasulaeman.wordpress.com/2011/11/03/jepang-antara-cinta-dan-dendam/
149,2011,Makalah Seminar Internasional Tentang Perempuan Muslim,https://dinasulaeman.wordpress.com/2011/12/23/makalah-seminar-internasional-tentang-perempuan-muslim/
150,2011,Serangan Militer ke Iran: Kisah dari Pulau Diego Garcia,https://dinasulaeman.wordpress.com/2011/12/09/serangan-militer-ke-iran-kisah-dari-pulau-diego-garcia/
151,2012,Israel Inside,https://dinasulaeman.wordpress.com/2012/02/28/israel-inside-2/
152,2012,"Iran Adalah Aktor Rasional, Bagaimana Dengan AS?",https://dinasulaeman.wordpress.com/2012/02/23/iran-adalah-aktor-rasional-bagaimana-dengan-as/
153,2012,"Soft Power, Sumber Kekuatan Iran",https://dinasulaeman.wordpress.com/2012/02/15/soft-power-sumber-kekuatan-iran/
154,2012,Isu Mazhab di Syria: Bonus Buat Israel,https://dinasulaeman.wordpress.com/2012/03/08/isu-mazhab-di-syria-bonus-buat-israel/
155,2012,"Angelina Jolie, Syria, dan Humanitarian Intervention",https://dinasulaeman.wordpress.com/2012/04/05/angelina-jolie-syria-dan-humanitarian-intervention/
156,2012,Kebohongan BBC (Lagi),https://dinasulaeman.wordpress.com/2012/05/30/kebohongan-bbc-lagi/
157,2012,Undangan: Tadarusan Buku di Museum Konferensi Asia Afrika,https://dinasulaeman.wordpress.com/2012/05/30/undangan-tadarusan-buku-di-museum-konferensi-asia-afrika/
158,2012,Kata-Kata Bijak yang Koplak (Dian Jatikusuma),https://dinasulaeman.wordpress.com/2012/05/28/kata-kata-bijak-yang-koplak-dian-jatikusuma/
159,2012,Gaga dan Logika Gagap,https://dinasulaeman.wordpress.com/2012/05/27/gaga-dan-logika-gagap/
160,2012,"Irshad Manji, Sekali Lagi  (Tanggapan Atas Buku “Allah, Liberty, and Love”)",https://dinasulaeman.wordpress.com/2012/05/16/irshad-manji-sekali-lagi-tanggapan-atas-buku-allah-liberty-and-love/
161,2012,Obama: The First Gay President?,https://dinasulaeman.wordpress.com/2012/05/15/obama-the-first-gay-president/
162,2012,Perampokan Buku di Palestina,https://dinasulaeman.wordpress.com/2012/05/14/perampokan-buku-di-palestina/
163,2012,Lima Tahun Blokade Gaza,https://dinasulaeman.wordpress.com/2012/06/23/lima-tahun-blokade-gaza/
164,2012,Menit-menit yang Luput dari Catatan Sejarah Indonesia (Kafil Yamin),https://dinasulaeman.wordpress.com/2012/06/21/menit-menit-yang-luput-dari-catatan-sejarah-indonesia-kafil-yamin/
165,2012,"Atzmon, Lemon Omani, and Lentils",https://dinasulaeman.wordpress.com/2012/06/13/atzmon-lemon-omani-and-lentils/
166,2012,Mengenang Tragedi USS Liberty,https://dinasulaeman.wordpress.com/2012/06/08/mengenang-tragedi-uss-liberty/
167,2012,"Mengapa Harus Suriah (Joserizal Jurnalis, MER-C)",https://dinasulaeman.wordpress.com/2012/06/08/mengapa-harus-suriah-joserizal-jurnalis/
168,2012,Mencari Motif di Hawla,https://dinasulaeman.wordpress.com/2012/06/02/mencari-motif-di-hawla/
169,2012,"Diskusi Film di MKAA, “Ramadan in Africa”",https://dinasulaeman.wordpress.com/2012/07/31/diskusi-film-di-mkaa-ramadan-in-africa/
170,2012,Cerita Ringan dari Konferensi ‘Women and Islamic Awakening’,https://dinasulaeman.wordpress.com/2012/07/29/cerita-ringan-dari-konferensi-women-and-islamic-awakening/
171,2012,Reportase Konferensi ‘Women and Islamic Awakening’,https://dinasulaeman.wordpress.com/2012/07/27/reportase-konferensi-women-and-islamic-awakening/
172,2012,Towards Islamic Awakening…,https://dinasulaeman.wordpress.com/2012/07/01/towards-islamic-awakening/
173,2012,Paper dalam Konferensi Women and Islamic Awakening,https://dinasulaeman.wordpress.com/2012/08/25/paper-dalam-konferensi-women-and-islamic-awakening/
174,2012,17 Agustus: Merdeka Tapi Tidak Independen,https://dinasulaeman.wordpress.com/2012/08/17/17-agustus-merdeka-tapi-tidak-independen/
175,2012,Indonesia for Sale: Absurdnya Neolib,https://dinasulaeman.wordpress.com/2012/08/14/indonesia-for-sale-absurdnya-neolib/
176,2012,Terbit: The Journal of International Studies “The Global Review Quarterly”,https://dinasulaeman.wordpress.com/2012/08/02/terbit-the-journal-of-international-studies-the-global-review-quarterly/
177,2012,The Bob-and-Weave Style of Ahmadinejad,https://dinasulaeman.wordpress.com/2012/09/27/the-bob-and-weave-style-of-ahmadinejad/
178,2012,Terjemahan Lengkap Pidato Ayatullah Khamenei di depan peserta Konferensi Internasional  ‘Women and Islamic Awakening’ (11 Juli 2012),https://dinasulaeman.wordpress.com/2012/09/26/terjemahan-lengkap-pidato-ayatullah-khamenei-di-depan-peserta-konferensi-internasional-women-and-islamic-awakening-11-juli-2012/
179,2012,Innocence of Muslims vs ‘Innocence’ of Zionist,https://dinasulaeman.wordpress.com/2012/09/15/innocence-of-muslims-vs-innocence-of-zionist/
180,2012,Launching Buku “Bandung Ibu Kota Asia Afrika”,https://dinasulaeman.wordpress.com/2012/09/13/launching-buku-bandung-ibu-kota-asia-afrika/
181,2012,"Pentingnya Identifikasi Musuh: Refleksi dari Konferensi ‘Women and Islamic Awakening’, Tehran 2012",https://dinasulaeman.wordpress.com/2012/09/07/pentingnya-identifikasi-musuh-refleksi-dari-konferensi-women-and-islamic-awakening-tehran-2012/
182,2012,Dua Suara Miring dari KTT GNB Tehran,https://dinasulaeman.wordpress.com/2012/09/03/dua-suara-miring-dari-ktt-gnb-tehran/
183,2012,‘Maid For Sale’ Dan Harga Diri,https://dinasulaeman.wordpress.com/2012/10/29/maid-for-sale-dan-harga-diri/
184,2012,Benarkah Iran dan Israel Main Mata?,https://dinasulaeman.wordpress.com/2012/10/24/benarkah-iran-dan-israel-main-mata/
185,2012,Kereta Api dan Neolib,https://dinasulaeman.wordpress.com/2012/10/12/kereta-api-dan-neolib/
186,2012,Feminisme dan Kesalahan Paradigma,https://dinasulaeman.wordpress.com/2012/10/05/feminisme-dan-kesalahan-paradigma/
187,2012,Mengapa Iran Tak Serang Israel?,https://dinasulaeman.wordpress.com/2012/11/21/mengapa-iran-tak-serang-israel/
188,2012,Obama dan Hiperrealitas,https://dinasulaeman.wordpress.com/2012/11/19/obama-dan-hiperrealitas/
189,2012,Roket Fajr 5,https://dinasulaeman.wordpress.com/2012/11/16/roket-fajr-5/
190,2012,Perang Melawan Terorisme dan Politics of Fear,https://dinasulaeman.wordpress.com/2012/11/16/perang-melawan-terorisme-dan-politics-of-fear/
191,2012,"Drone, ‘Lebah Jantan’ Pembunuh Brutal",https://dinasulaeman.wordpress.com/2012/11/14/drone-lebah-jantan-pembunuh-brutal/
192,2012,Petraeus: Antara Perselingkuhan dan Upaya Penggulingan Assad,https://dinasulaeman.wordpress.com/2012/11/12/976/
193,2012,Talkshow “Bandung Spirit for Palestine”,https://dinasulaeman.wordpress.com/2012/12/28/talkshow-bandung-spirit-for-palestine/
194,2012,"Antara Mesir, Iran, dan Syria",https://dinasulaeman.wordpress.com/2012/12/26/antara-mesir-iran-dan-syria/
195,2012,Terungkapnya Jati Diri Para Aktor di Syria,https://dinasulaeman.wordpress.com/2012/12/17/terungkapnya-jati-diri-para-aktor-di-syria/
196,2012,Menanti Keruntuhan ‘Pilar Pertahanan’,https://dinasulaeman.wordpress.com/2012/12/11/menanti-keruntuhan-pilar-pertahanan/
197,2012,"Mengungsi, Tapi Bukan Pengungsi",https://dinasulaeman.wordpress.com/2012/12/04/mengungsi-tapi-bukan-pengungsi/
198,2012,Nafas Terakhir Pemberontak Syria,https://dinasulaeman.wordpress.com/2012/12/04/nafas-terakhir-pemberontak-syria/
199,2012,"Palestina, Negeri yang Subur",https://dinasulaeman.wordpress.com/2012/12/02/palestina-tanah-yang-subur/
200,2013,Terbit: Jurnal The Global Review Edisi 2,https://dinasulaeman.wordpress.com/2013/01/20/terbit-jurnal-the-global-review-edisi-2/
201,2013,Syria: Pencitraan Baru SBY?,https://dinasulaeman.wordpress.com/2013/01/09/syria-pencitraan-baru-sby/
202,2013,Sejarah Dominasi Dollar dan Kaitannya Dengan Proyek Pendirian Israel,https://dinasulaeman.wordpress.com/2013/01/02/sejarah-dominasi-dollar-dan-kaitannya-dengan-proyek-pendirian-israel/
203,2013,Apa Kabar Gaza?,https://dinasulaeman.wordpress.com/2013/02/27/apa-kabar-gaza/
204,2013,The Syrian Diary,https://dinasulaeman.wordpress.com/2013/02/18/the-syrian-diary/
205,2013,Syria di Republika,https://dinasulaeman.wordpress.com/2013/02/14/syria-di-republika/
206,2013,Teori Konspirasi ala PKS,https://dinasulaeman.wordpress.com/2013/02/02/teori-konspirasi-ala-pks/
207,2013,PKS Akhirnya Mendapat Pelajaran,https://dinasulaeman.wordpress.com/2013/02/01/pks-akhirnya-mendapat-pelajaran/
208,2013,Tangan Terkepal di Syria,https://dinasulaeman.wordpress.com/2013/03/29/tangan-terkepal-di-syria/
209,2013,Pengeboman di Sebuah Kantin,https://dinasulaeman.wordpress.com/2013/03/29/pengeboman-di-sebuah-kantin/
210,2013,Erdogan dan Netanyahu Berdamai?,https://dinasulaeman.wordpress.com/2013/03/25/erdogan-dan-netanyahu-berdamai/
211,2013,Resolusi Konflik Syria,https://dinasulaeman.wordpress.com/2013/03/23/resolusi-konflik-syria/
212,2013,Diskusi Soal Jihad Syria,https://dinasulaeman.wordpress.com/2013/03/22/diskusi-soal-jihad-syria/
213,2013,Miskalkulasi AS dan Turki,https://dinasulaeman.wordpress.com/2013/03/22/miskalkulasi-as-dan-turki/
214,2013,Syahidnya Syaikh Al Buthi,https://dinasulaeman.wordpress.com/2013/03/21/syahidnya-syaikh-al-buthi/
215,2013,"Chavez, In Memoriam",https://dinasulaeman.wordpress.com/2013/03/06/chavez-in-memoriam/
216,2013,Ke-lebay-an Argo,https://dinasulaeman.wordpress.com/2013/04/25/ke-lebay-an-argo/
217,2013,Islam: Terorisme atau Cinta?,https://dinasulaeman.wordpress.com/2013/04/24/islam-terorisme-atau-cinta/
218,2013,Dan Iran pun Cabut Subsidi BBM-Transportasi,https://dinasulaeman.wordpress.com/2013/04/21/dan-iran-pun-cabut-subsidi-bbm-transportasinya/
219,2013,Foto Palsu MHTI?,https://dinasulaeman.wordpress.com/2013/04/20/foto-palsu-mhti/
220,2013,Please Don’t Be a Muslim,https://dinasulaeman.wordpress.com/2013/04/16/please-dont-be-a-muslim/
221,2013,"Renouf, Dina, Ahmadinejad ;)",https://dinasulaeman.wordpress.com/2013/04/16/renouf-dina-ahmadinejad/
222,2013,Siapa Bunuh Syekh Buthy (2),https://dinasulaeman.wordpress.com/2013/04/10/siapa-bunuh-syekh-buthy-2/
223,2013,Siapa Bunuh Syekh Buthy? (1),https://dinasulaeman.wordpress.com/2013/04/09/siapa-bunuh-syekh-buthy-1/
224,2013,5 Propaganda Jahat Atas Syria,https://dinasulaeman.wordpress.com/2013/04/09/5-propaganda-jahat-atas-syria/
225,2013,"Jokowi, Ahok, dan Bank Dunia",https://dinasulaeman.wordpress.com/2013/04/05/jokowi-ahok-dan-bank-dunia/
226,2013,Dan Oposisi Suriah Pun Ribut…,https://dinasulaeman.wordpress.com/2013/05/29/dan-oposisi-suriah-pun-ribut/
227,2013,Tanggapan Balik atas Kritikan Wawancara dengan Jurnalis Syria,https://dinasulaeman.wordpress.com/2013/05/29/tanggapan-balik-atas-kritikan-wawancara-dengan-jurnalis-syria/
228,2013,"Ayo, Sumbang RS Indonesia di Gaza",https://dinasulaeman.wordpress.com/2013/05/27/ayo-sumbang-rs-indonesia-di-gaza/
229,2013,Wawancara Dina Sulaeman dengan Jurnalis Syria,https://dinasulaeman.wordpress.com/2013/05/24/wawancara-dina-sulaeman-dengan-jurnalis-syria/
230,2013,"PKS, Kita, dan Perkembangan Terbaru di Syria",https://dinasulaeman.wordpress.com/2013/05/18/pks-kita-dan-perkembangan-terbaru-di-syria/
231,2013,Mengenang Al Nakba,https://dinasulaeman.wordpress.com/2013/05/15/mengenang-al-nakba/
232,2013,Keseksian Iran,https://dinasulaeman.wordpress.com/2013/05/14/keseksian-iran/
233,2013,Seruan dari Pemakaman,https://dinasulaeman.wordpress.com/2013/05/07/seruan-dari-pemakaman/
234,2013,Ahmadinejad Diculik?,https://dinasulaeman.wordpress.com/2013/05/03/ahmadinejad-diculik/
235,2013,Segera Terbit: Prahara Suriah,https://dinasulaeman.wordpress.com/2013/05/02/segera-terbit-prahara-suriah/
236,2013,UNDANGAN Launching Buku ‘Prahara Suriah’,https://dinasulaeman.wordpress.com/2013/06/28/undangan-launching-buku-prahara-suriah/
237,2013,Indonesia dan Fitnah Suriah (Nasihin Masha),https://dinasulaeman.wordpress.com/2013/06/28/indonesia-dan-fitnah-suriah-nasihin-masha/
238,2013,Suriah dan Masa Depan Dunia,https://dinasulaeman.wordpress.com/2013/06/25/suriah-dan-masa-depan-dunia/
239,2013,Ada Gaza di Brazil,https://dinasulaeman.wordpress.com/2013/06/21/ada-gaza-di-brazil/
240,2013,Tragedi di Hari Pengungsi Sedunia,https://dinasulaeman.wordpress.com/2013/06/20/tragedi-di-hari-pengungsi-sedunia/
241,2013,Tentang Subsidi BBM (Lagi),https://dinasulaeman.wordpress.com/2013/06/18/tentang-subsidi-bbm-lagi/
242,2013,Karen Amstrong: Mengartikulasikan Islam yang Welas Asih,https://dinasulaeman.wordpress.com/2013/06/17/karen-amstrong-mengartikulasikan-islam-yang-welas-asih/
243,2013,Konflik Internal dan Masa Depan Palestina,https://dinasulaeman.wordpress.com/2013/06/16/masa-depan-palestina/
244,2013,Soal Senjata Kimia Assad,https://dinasulaeman.wordpress.com/2013/06/15/soal-senjata-kimia-assad/
245,2013,Sudah Terbit: PRAHARA SURIAH,https://dinasulaeman.wordpress.com/2013/06/11/sudah-terbit-prahara-suriah/
246,2013,Pemetaan Konflik Mesir,https://dinasulaeman.wordpress.com/2013/07/28/pemetaan-konflik-mesir/
247,2013,Kenapa Iran Tidak Pernah Menyerang Israel?,https://dinasulaeman.wordpress.com/2013/07/23/kenapa-iran-tidak-pernah-menyerang-israel/
248,2013,The Oded Yinon’s Plan,https://dinasulaeman.wordpress.com/2013/07/22/the-oded-yinons-plan/
249,2013,Malala dan Surat dari Taliban,https://dinasulaeman.wordpress.com/2013/07/18/malala-dan-surat-dari-taliban/
250,2013,Jakarta Kota Fasis (Andre Vltchek),https://dinasulaeman.wordpress.com/2013/07/17/jakarta-kota-fasis-andre-vltchek/
251,2013,Video Prahara Suriah,https://dinasulaeman.wordpress.com/2013/07/16/video-prahara-suriah/
252,2013,Argumentum ad Hominem (Dina Sulaeman),https://dinasulaeman.wordpress.com/2013/07/15/argumentum-ad-hominem-dina-sulaeman/
253,2013,Review “A Note From Tehran”,https://dinasulaeman.wordpress.com/2013/07/14/review-a-note-from-tehran/
254,2013,Laporan Launching ‘Prahara Suriah’ (2),https://dinasulaeman.wordpress.com/2013/07/05/laporan-launching-prahara-suriah-2/
,,PROPAGANDA SURIAH RENTAN TIMBULKAN KEBENCIAN,http://www.mirajnews.com/id/indonesia/6464-propadanda-suriah-rentan-timbulkan-kebencian.html
,2013,Laporan Acara Launching ‘Prahara Suriah’,https://dinasulaeman.wordpress.com/2013/07/04/laporan-acara-launching-prahara-suriah/
,2013,Menyikapi Kebijakan Luar Negeri Indonesia di Timur Tengah,https://dinasulaeman.wordpress.com/2013/08/31/menyikapi-kebijakan-luar-negeri-indonesia-di-timur-tengah/
,2013,Rick Steves (Travelwriter) on Iran,https://dinasulaeman.wordpress.com/2013/08/24/rick-steve-travelwriter-on-iran/
,2013,Tangan Israel di Suriah dan Mesir,https://dinasulaeman.wordpress.com/2013/08/22/tangan-israel-di-suriah-dan-mesir/
,2013,Senjata Kimia di Suriah,https://dinasulaeman.wordpress.com/2013/08/22/senjata-kimia-di-suriah/
,2013,"Komunitas ASEAN, Mungkinkah?",https://dinasulaeman.wordpress.com/2013/08/22/komunitas-asean-mungkinkah/
,2013,Perlukah Mendukung IM (Ahmad Sadzali),https://dinasulaeman.wordpress.com/2013/08/14/perlukah-mendukung-im-ahmad-sadzali/
,2013,Download Kumpulan Pemalsuan Data / Foto Konflik Suriah,https://dinasulaeman.wordpress.com/2013/08/13/download-kumpulan-pemalsuan-data-foto-konflik-suriah/
,2013,Cara Menganalisis Konflik,https://dinasulaeman.wordpress.com/2013/08/10/cara-menganalisis-konflik/
,2013,Repost: Israel Kalah di Suriah [dimuat di blognya Atzmon],https://dinasulaeman.wordpress.com/2013/08/10/repost-israel-kalah-di-suriah-dimuat-di-blognya-atzmon/
,2013,Mengapa Palestina?,https://dinasulaeman.wordpress.com/2013/08/01/mengapa-palestina/
,2013,Jujur dalam Membaca Sejarah Kelam 1965-66 (Indra Hikmawan),https://dinasulaeman.wordpress.com/2013/09/30/jujur-dalam-membaca-sejarah-kelam-1965-66-indra-hikmawan/
,2013,Disertasi tentang Hipokritas Humanitarian Intervention,https://dinasulaeman.wordpress.com/2013/09/29/disertasi-tentang-hipokritas-humanitarian-intervention/
,2013,Mencari Motif Utama Serangan Militer Barat ke Syria,https://dinasulaeman.wordpress.com/2013/09/19/mencari-motif-utama-serangan-militer-barat-ke-syria/
,2013,Palestina dan Dr Jose,https://dinasulaeman.wordpress.com/2013/09/18/palestina-dan-dr-jose/
,2013,Kilas Balik: Genderang Perang di Syria (2011),https://dinasulaeman.wordpress.com/2013/09/16/kilas-balik-genderang-perang-di-syria-2011/
,2013,Kekuatan Blogger,https://dinasulaeman.wordpress.com/2013/09/16/kekuatan-blogger/
,2013,Perang Suriah dan Nalar Kemanusiaan,https://dinasulaeman.wordpress.com/2013/09/07/perang-suriah-dan-nalar-kemanusiaan/
,2013,Sejarah Kebohongan Perang AS,https://dinasulaeman.wordpress.com/2013/09/06/sejarah-kebohongan-perang-as/
,2013,‘Revolusi’ di Parlemen Inggris,https://dinasulaeman.wordpress.com/2013/09/05/revolusi-di-parlemen-inggris/
,2013,Reposisi Kebijakan Politik Luar Negeri RI di Kawasan Timur Tengah,https://dinasulaeman.wordpress.com/2013/09/03/reposisi-kebijakan-politik-luar-negeri-ri-di-kawasan-timur-tengah/
,2013,[Resensi] Konflik Suriah di Tengah Persekongkolan,https://dinasulaeman.wordpress.com/2013/10/16/resensi-konflik-suriah-di-tengah-persekongkolan/
,2013,Menanti Rouhani,https://dinasulaeman.wordpress.com/2013/10/15/menanti-rouhani/
,2013,Pentingnya Sejarah,https://dinasulaeman.wordpress.com/2013/10/04/pentingnya-sejarah/
,2013,Strategi Zionis = Takfiri?,https://dinasulaeman.wordpress.com/2013/10/04/strategi-zionis-takfiri/
,2013,Kedok Militer Mesir Akhirnya Terungkap,https://dinasulaeman.wordpress.com/2013/11/30/kedok-militer-mesir-akhirnya-terungkap/
,2013,Iran dan Opera Bouffe (Purkon Hidayat),https://dinasulaeman.wordpress.com/2013/11/29/iran-dan-opera-bouffe-purkon-hidayat/
,2013,Argumen Ganjil Soal Suriah (2),https://dinasulaeman.wordpress.com/2013/11/25/argumen-fallacy-soal-suriah-2/
,2013,Argumen Ganjil Soal Suriah (1),https://dinasulaeman.wordpress.com/2013/11/24/argumen-fallacy-soal-suriah-1/
,2013,Suriah dan Hari Toleransi Internasional,https://dinasulaeman.wordpress.com/2013/11/22/suriah-dan-hari-toleransi-internasional/
,2013,Kronologi Konflik Timur Tengah,https://dinasulaeman.wordpress.com/2013/11/18/kronologi-konflik-timur-tengah/
,2013,Merenungi Perang Salib,https://dinasulaeman.wordpress.com/2013/11/18/merenungi-perang-salib/
,2013,Ikhwanul Muslimin vs Militer: Analisis Psikologi Politik,https://dinasulaeman.wordpress.com/2013/11/03/ikhwanul-muslimin-vs-militer-analisis-psikologi-politik/
,2013,Sistem Demokrasi ala Iran: Demokrasi ‘Tangan Tuhan’,https://dinasulaeman.wordpress.com/2013/11/01/sistem-demokrasi-ala-iran-demokrasi-tangan-tuhan/
,2013,Gita dan Jempol Kaki Soekarno,https://dinasulaeman.wordpress.com/2013/12/27/gita-jempol-kaki-sukarno/
,2013,Palestina di Penghujung 2013 dan Rasionalitas Hamas,https://dinasulaeman.wordpress.com/2013/12/27/palestina-di-penghujung-2013-dan-rasionalitas-hamas/
,2013,Iran Bekerjasama dengan Israel?,https://dinasulaeman.wordpress.com/2013/12/25/iran-bekerjasama-dengan-israel/
,2013,Sikap Indonesia Terkait Suriah (Hendrajit),https://dinasulaeman.wordpress.com/2013/12/19/sikap-indonesia-terkait-suriah-hendrajit/
,2013,Hipokritas Para Presiden AS,https://dinasulaeman.wordpress.com/2013/12/14/hipokritas-para-presiden-as-2/
,2013,Hipokritas Para Presiden AS,https://dinasulaeman.wordpress.com/2013/12/13/hipokritas-para-presiden-as/
,2013,Goenawan dan Cara Pandang Hitam-Putih Kita,https://dinasulaeman.wordpress.com/2013/12/09/1770/
,2014,Film Dokumenter: Tentara Cantik Suriah,https://dinasulaeman.wordpress.com/2014/01/31/film-dokumenter-tentara-cantik-suriah/
,2014,Terbit: Jurnal The Global Review #4,https://dinasulaeman.wordpress.com/2014/01/31/terbit-jurnal-the-global-review-4/
,2014,Tuduhan Makar Terhadap Mahasiswa Indonesia di Iran,https://dinasulaeman.wordpress.com/2014/01/26/tuduhan-makar-terhadap-mahasiswa-indonesia-iran/
,2014,Ayo Galang Dana untuk Pengungsi Suriah!,https://dinasulaeman.wordpress.com/2014/01/19/ayo-galang-dana-untuk-pengungsi-suriah/
,2014,Rohingya dan Iran,https://dinasulaeman.wordpress.com/2014/01/17/rohingya-dan-iran/
,2014,Perang Suriah dan Perang Facebook,https://dinasulaeman.wordpress.com/2014/01/15/perang-suriah-dan-perang-facebook/
,2014,Tangis Rudi dan Kisah John Perkins,https://dinasulaeman.wordpress.com/2014/01/10/tangis-rudi-dan-kisah-john-perkins/
,2014,Teroris vs Densus 88: Logika Tabrir?,https://dinasulaeman.wordpress.com/2014/01/06/teroris-vs-densus-88-logika-tabrir/
,2014,Penghancuran Situs Kuno: dari Suriah hingga Jogja,https://dinasulaeman.wordpress.com/2014/01/05/penghancuran-situs-kuno-dari-suriah-hingga-jogja-2/
,2014,Penghancuran Situs Kuno: dari Suriah hingga Yogya,https://dinasulaeman.wordpress.com/2014/01/05/penghancuran-situs-kuno-dari-suriah-hingga-jogja/
,2014,L’Ukraine est une autre Syrie,https://dinasulaeman.wordpress.com/2014/02/24/lukraine-est-une-autre-syrie/
,2014,"Kerry, Perubahan Iklim, dan Utang Indonesia (Full)",https://dinasulaeman.wordpress.com/2014/02/24/kerry-perubahan-iklim-utang-indonesia-full/
,2014,"Kerry, Perubahan Iklim, dan Utang Indonesia",https://dinasulaeman.wordpress.com/2014/02/21/kerry-perubahan-iklim-utang-indonesia/
,2014,Liputan Detik.com Tentang Iran,https://dinasulaeman.wordpress.com/2014/02/18/liputan-detik-com-tentang-iran/
,2014,Update Suriah: Baiat dari Indonesia?,https://dinasulaeman.wordpress.com/2014/02/14/update-suriah-baiat-dari-indonesia/
,2014,Berkah Rouhani: Munculnya Optimisme Hubungan Indonesia-Iran,https://dinasulaeman.wordpress.com/2014/02/11/berkah-rouhani-munculnya-optimisme-hubungan-indonesia-iran/
,2014,Aplikasi Teori Speech-Act untuk Eramuslim.com,https://dinasulaeman.wordpress.com/2014/02/05/aplikasi-teori-speech-act-untuk-eramuslim-com/
,2014,"Ikut Bandung Historical Study Games, Yuk?",https://dinasulaeman.wordpress.com/2014/03/25/ikut-bandung-historical-study-games-yuk/
,2014,Jadi Relawan Peringatan 59 Tahun Konferensi Asia Afrika Yuk?,https://dinasulaeman.wordpress.com/2014/03/12/jadi-relawan-peringatan-konferensi-asia-afrika-yuk/
,2014,Nasib Muslim Tatar dan Jihad Ukraina,https://dinasulaeman.wordpress.com/2014/03/11/nasib-muslim-tatar-dan-jihad-ukraina/
,2014,Politik Luar Negeri Iran: Perspektif Global,https://dinasulaeman.wordpress.com/2014/03/10/politik-luar-negeri-iran-perspektif-global/
,2014,"Demokrasi, Uang, dan Pasar Bebas",https://dinasulaeman.wordpress.com/2014/04/27/demokrasi-uang-pasar-bebas/
,2014,Terbit: Jurnal The Global Review #5,https://dinasulaeman.wordpress.com/2014/04/16/terbit-jurnal-the-global-review-5/
,2014,"Mesir, Pada Akhirnya",https://dinasulaeman.wordpress.com/2014/05/19/mesir-pada-akhirnya/
,2014,"Suriah, Pada Akhirnya",https://dinasulaeman.wordpress.com/2014/05/15/suriah-pada-akhirnya/
,2014,"Say No to ISIS, ISIS Bukan Sunni",https://dinasulaeman.wordpress.com/2014/06/24/say-no-to-isis-isis-bukan-sunni/
,2014,"Jokowi, Anis, dan Palestina",https://dinasulaeman.wordpress.com/2014/06/23/jokowi-anis-dan-palestina/
,2014,"Gilad Atzmon: Irak, AS, dan Lobi Yahudi",https://dinasulaeman.wordpress.com/2014/06/19/irak-as-dan-lobi-yahudi/
,2014,"Michael Moore, Irak, dan Dilema Demokrasi",https://dinasulaeman.wordpress.com/2014/06/13/michael-moore-irak-dan-dilema-demokrasi/
,2014,Kaitan antara Jatuhnya Mosul (Irak) dan Suriah,https://dinasulaeman.wordpress.com/2014/06/12/kaitan-antara-jatuhnya-mosul-irak-dan-suriah/
,2014,Hasil Pemilu Suriah dan Hipokritas Barat,https://dinasulaeman.wordpress.com/2014/06/09/hasil-pemilu-suriah-dan-hipokritas-barat/
,2014,"Boikot Israel, Perlawanan Tanpa Mesiu",https://dinasulaeman.wordpress.com/2014/07/25/boikot-israel-perlawanan-tanpa-mesiu/
,2014,Membantu Palestina Tanpa Pencitraan,https://dinasulaeman.wordpress.com/2014/07/24/membantu-palestina-tanpa-pencitraan/
,2014,Sihir Obama Mulai Terkuak?,https://dinasulaeman.wordpress.com/2014/07/21/sihir-obama-mulai-terkuak/
,2014,Q&A: Benarkah Yahudi itu Beda Dengan Zionis?,https://dinasulaeman.wordpress.com/2014/07/14/qa-benarkah-yahudi-itu-beda-dengan-zionis/
,2014,Penjelasan Soal Adanya Tentara Israel yang Muslim,https://dinasulaeman.wordpress.com/2014/07/12/penjelasan-soal-adanya-tentara-israel-yang-muslim/
,2014,Palestina Adalah Kita,https://dinasulaeman.wordpress.com/2014/07/11/palestina-adalah-kita/
,2014,"One States Solution, Jalan Keluar untuk Palestina-Israel",https://dinasulaeman.wordpress.com/2014/07/11/one-states-solution-jalan-keluar-untuk-palestina-israel/
,2014,"Ternyata, ISIS yang Menculik Tiga Remaja Israel Itu",https://dinasulaeman.wordpress.com/2014/07/08/ternyata-isis-yang-menculik-tiga-remaja-israel-itu/
,2014,(Re-blog) Catatan Seorang Korban Kampanye Hitam,https://dinasulaeman.wordpress.com/2014/07/07/re-blog-catatan-seorang-korban-kampanye-hitam/
,2014,Amnesia Ketiga: Mereka Yang Mendadak Anti-Hoax,https://dinasulaeman.wordpress.com/2014/08/24/amnesia-ketiga-mereka-yang-mendadak-anti-hoax/
,2014,"Shiva, Pangan, dan Perdamaian Dunia",https://dinasulaeman.wordpress.com/2014/08/21/shiva-pangan-dan-perdamaian-dunia/
,2014,Deskripsi Kebrutalan ISIS,https://dinasulaeman.wordpress.com/2014/08/17/deskripsi-kebrutalan-isis/
,2014,Amnesia Kedua: ISIS Adalah Pengalihan Isu Gaza ?!,https://dinasulaeman.wordpress.com/2014/08/16/amnesia-kedua-isis-adalah-pengalihan-isu-gaza/
,2014,Amnesia-nya Mereka Yang Mendadak Anti ISIS,https://dinasulaeman.wordpress.com/2014/08/14/amnesia-nya-mereka-yang-mendadak-anti-isis/
,2014,McCain!,https://dinasulaeman.wordpress.com/2014/08/12/mccain/
,2014,Curhat untuk Pak Jonan (Dirut KAI),https://dinasulaeman.wordpress.com/2014/08/08/curhat-untuk-pak-jonan-dirut-kai/
,2014,Pemerintah Baru: Cabut Subsidi BBM atau Tidak?,https://dinasulaeman.wordpress.com/2014/08/05/pemerintah-baru-cabut-subsidi-bbm-atau-tidak/
,2014,Timur Tengah dan Kejahatan Industri Pertanian,https://dinasulaeman.wordpress.com/2014/09/19/timur-tengah-dan-kejahatan-industri-pertanian/
,2014,ISIS dan Sejarah Panjang Ideologi Kebencian,https://dinasulaeman.wordpress.com/2014/09/15/isis-dan-sejarah-panjang-ideologi-kebencian/
,2014,Pemikiran Imam Khomeini dalam Hubungan Internasional,https://dinasulaeman.wordpress.com/2014/09/09/pemikiran-imam-khomeini-dalam-hubungan-internasional/
,2014,Teori Konspirasi dan Mafia Migas,https://dinasulaeman.wordpress.com/2014/10/26/teori-konspirasi-dan-mafia-migas/
,2014,Beda-Sama antara Demokrasi Terpimpin dan Orba (Prof Abdul Hadi),https://dinasulaeman.wordpress.com/2014/10/10/beda-sama-antara-demokrasi-terpimpin-dan-orba-prof-abdul-hadi/
,2014,Harrison Ford dan Hutan Indonesia,https://dinasulaeman.wordpress.com/2014/10/09/harrison-ford-dan-hutan-indonesia/
,2014,Resolusi PBB Tentang ISIS,https://dinasulaeman.wordpress.com/2014/10/07/resolusi-pbb-tentang-isis/
,2014,Bandung dan Bung Karno,https://dinasulaeman.wordpress.com/2014/10/01/bandung-dan-bung-karno/
,2014,Pelatihan,https://dinasulaeman.wordpress.com/2014/11/30/pelatihan/
,2014,Harga BBM dan Bank Dunia,https://dinasulaeman.wordpress.com/2014/11/20/harga-bbm-dan-bank-dunia/
,2014,"Indonesia, Keluar Saja dari G-20!",https://dinasulaeman.wordpress.com/2014/11/12/indonesia-keluar-saja-dari-g-20/
,2014,Soal Migas: Jasmerah (Jangan Melupakan Sejarah),https://dinasulaeman.wordpress.com/2014/11/07/soal-migas-jasmerah-jangan-melupakan-sejarah/
,2014,"Jadi, Siapa Mafia Migas Sebenarnya?",https://dinasulaeman.wordpress.com/2014/11/05/jadi-siapa-mafia-migas-sebenarnya/
,2014,Taliban dan Berpikir Sistemik,https://dinasulaeman.wordpress.com/2014/12/17/taliban-dan-berpikir-sistemik/
,2015,JeSuisCharlie VS JeSuisJihadMughniyah,https://dinasulaeman.wordpress.com/2015/01/27/jesuischarlie-vs-jesuisjihadmughniyah/
,2015,Charlie Hebdo dan Absurditas di Tanah Voltaire,https://dinasulaeman.wordpress.com/2015/01/17/charlie-hebdo-dan-absurditas-di-tanah-voltaire/
,2015,Demokrasi Kaum Penjahat,https://dinasulaeman.wordpress.com/2015/01/09/demokrasi-kaum-penjahat/
,2015,Mengapa ISIS Membenci Naskah Kuno?,https://dinasulaeman.wordpress.com/2015/02/24/mengapa-isis-membenci-naskah-kuno/
,2015,Balada Republika dan Piyungan :),https://dinasulaeman.wordpress.com/2015/02/17/balada-republika-dan-piyungan/
,2015,Surat Terbuka Untuk Ustadz Arifin Ilham,https://dinasulaeman.wordpress.com/2015/02/16/surat-terbuka-untuk-ustadz-arifin-ilham/
,2015,Catatan Tentang Mereka yang “Cuci Tangan”,https://dinasulaeman.wordpress.com/2015/02/03/catatan-tentang-mereka-yang-cuci-tangan/
,2015,Ada Apa dengan Yaman?,https://dinasulaeman.wordpress.com/2015/03/28/ada-apa-dengan-yaman/
,2015,Perempuan dan ISIS,https://dinasulaeman.wordpress.com/2015/03/09/perempuan-dan-isis/
,2015,[Makalah Seminar] Perempuan dan Globalisasi,https://dinasulaeman.wordpress.com/2015/04/14/makalah-seminar-perempuan-dan-globalisasi/
,2015,Yemen for Dummies,https://dinasulaeman.wordpress.com/2015/04/03/yemen-for-dummies/
,2015,"NOPE, NOPE, NOPE",https://dinasulaeman.wordpress.com/2015/05/27/nope-nope-nope/
,2015,Rohingya dan Kita,https://dinasulaeman.wordpress.com/2015/05/24/rohingya-dan-kita/
,2015,[Public Lecture] Global Leadership by Dina Y. Sulaeman,https://dinasulaeman.wordpress.com/2015/05/04/public-lecture-global-leadership-by-dina-y-sulaeman/
,2015,ISIS dan Ideologi “Anti-Perbedaan”,https://dinasulaeman.wordpress.com/2015/07/15/isis-dan-ideologi-anti-perbedaan/
,2015,LAWAN!,https://dinasulaeman.wordpress.com/2015/07/09/lawan/
,2015,Catatan Untuk Buya Syafi’i Ma’arif (1),https://dinasulaeman.wordpress.com/2015/09/15/catatan-untuk-buya-syafii-maarif-1/
,2015,Catatan untuk Buya Syafi’i Ma’arif (2),https://dinasulaeman.wordpress.com/2015/09/15/catatan-untuk-buya-syafii-maarif-2/
,2015,Globalisasi Konflik,https://dinasulaeman.wordpress.com/2015/09/06/globalisasi-konflik/
,2015,"Membayangkan, Melihat, Merasakan",https://dinasulaeman.wordpress.com/2015/09/06/membayangkan-melihat-merasakan/
,2015,Yahudi di Iran,https://dinasulaeman.wordpress.com/2015/09/06/yahudi-di-iran/
,2015,Apakah Syiah = Takfiri? (1),https://dinasulaeman.wordpress.com/2015/10/13/apakah-syiah-takfiri-1/
,2015,Apakah Syiah = Takfiri (2),https://dinasulaeman.wordpress.com/2015/10/13/apakah-syiah-takfiri-2/
,2015,Menanti Ketulusan Rusia,https://dinasulaeman.wordpress.com/2015/11/21/menanti-ketulusan-rusia/
,2015,Pil Pahit dari Andre,https://dinasulaeman.wordpress.com/2015/11/20/pil-pahit-dari-andre/
,2015,"Perangi ISIS, Rusia Kerahkan Kekuatan Spektakuler",https://dinasulaeman.wordpress.com/2015/11/20/perangi-isis-rusia-kerahkan-kekuatan-spektakuler/
,2015,Bagaimana Cara AS Mendirikan Al Qaida/ISIS?,https://dinasulaeman.wordpress.com/2015/11/19/bagaimana-cara-as-mendirikan-al-qaidaisis/
,2015,Ketika ISIS Sudah Masuk ke Kamar Kita,https://dinasulaeman.wordpress.com/2015/11/16/ketika-isis-sudah-masuk-ke-kamar-kita/
,2015,Nestapa Yaman: Perbincangan dengan Perempuan Ansharullah (2),https://dinasulaeman.wordpress.com/2015/11/13/nestapa-yaman-perbincangan-dengan-perempuan-ansarullah-2/
,2015,Nestapa Yaman: Perbincangan dengan Perempuan Ansharullah,https://dinasulaeman.wordpress.com/2015/11/13/nestapa-yaman-perbincangan-dengan-perempuan-ansarullah/
,2015,Agenda Perang Nuklir AS-NATO,https://dinasulaeman.wordpress.com/2015/11/11/agenda-perang-nuklir-as-nato/
,2015,Pejuang Kemanusiaan,https://dinasulaeman.wordpress.com/2015/12/29/pejuang-kemanusiaan/
,2015,Jejak Israel di Nigeria,https://dinasulaeman.wordpress.com/2015/12/15/jejak-israel-di-nigeria/
,2015,Pemetaan Kasus Freeport,https://dinasulaeman.wordpress.com/2015/12/10/pemetaan-kasus-freeport/
,2015,Jawaban untuk Fathi Yazid Attamimi,https://dinasulaeman.wordpress.com/2015/12/08/jawaban-untuk-fathi-yazid-attamimi/
,2015,Wawancara dengan Dr. Taufiq al Buthi (Ulama Suriah),https://dinasulaeman.wordpress.com/2015/12/08/wawancara-dengan-dr-taufiq-al-buthi-ulama-suriah/
,2016,"Dimanakah Ribuan Al Nimr Itu, Alwi?",https://dinasulaeman.wordpress.com/2016/01/31/dimanakah-ribuan-al-nimr-itu-alwi/
,2016,Daud Melawan Goliath,https://dinasulaeman.wordpress.com/2016/01/10/daud-melawan-goliath/
,2016,Logika yang Tertukar,https://dinasulaeman.wordpress.com/2016/01/07/logika-yang-tertukar/
,2016,Pertanyaan Buat Kalian,https://dinasulaeman.wordpress.com/2016/01/05/pertanyaan-buat-kalian/
,2016,Merdeka,https://dinasulaeman.wordpress.com/2016/01/04/merdeka/
,2016,Syekh Nimr,https://dinasulaeman.wordpress.com/2016/01/03/syekh-nimr/
,2016,Kebodohan,https://dinasulaeman.wordpress.com/2016/01/03/kebodohan/
,2016,Logika Boikot Zionis,https://dinasulaeman.wordpress.com/2016/03/07/logika-boikot-zionis/
,2016,Palestina: One State Solution,https://dinasulaeman.wordpress.com/2016/03/07/palestina-one-state-solution/
,2016,[Kompilasi Video + Foto] Peran NGO dalam Konflik Suriah,https://dinasulaeman.wordpress.com/2016/05/16/kompilasi-video-foto-peran-ngo-dalam-konflik-suriah/
,2016,Prahara Aleppo (4),https://dinasulaeman.wordpress.com/2016/05/08/prahara-aleppo-4/
,2016,Mengapa Mereka Mendadak Heboh Soal Aleppo?,https://dinasulaeman.wordpress.com/2016/05/08/mengapa-mereka-mendadak-heboh-soal-aleppo/
,2016,Prahara Aleppo (3),https://dinasulaeman.wordpress.com/2016/05/04/prahara-aleppo-3-tamat/
,2016,Prahara Aleppo (2),https://dinasulaeman.wordpress.com/2016/05/02/prahara-aleppo-2/
,2016,Prahara Aleppo (1),https://dinasulaeman.wordpress.com/2016/05/02/prahara-aleppo-1/
,2016,"Refleksi Yaumul Quds, Persatuan Yahudi vs Persatuan Muslim",https://dinasulaeman.wordpress.com/2016/06/30/refleksi-yaumul-quds-persatuan-yahudi-vs-persatuan-muslim/
,2016,Dunia Kita (3),https://dinasulaeman.wordpress.com/2016/06/24/dunia-kita-3/
,2016,Dunia Kita (2),https://dinasulaeman.wordpress.com/2016/06/23/dunia-kita-2/
,2016,Dunia Kita,https://dinasulaeman.wordpress.com/2016/06/22/dunia-kita/
,2016,Kisah Mereka yang Buta Geopolitik,https://dinasulaeman.wordpress.com/2016/06/22/kisah-mereka-yang-buta-geopolitik/
,2016,Para Frater [plus paper],https://dinasulaeman.wordpress.com/2016/06/06/para-frater-plus-paper/
,2016,Bocah di Kursi Oranye dan NFZ,https://dinasulaeman.wordpress.com/2016/08/23/bocah-di-kursi-oranye-dan-nfz/
,2016,Kisah Bocah di Kursi Oranye,https://dinasulaeman.wordpress.com/2016/08/19/kisah-bocah-di-kursi-oranye/
,2016,"Sejarah yang Berulang, Dari VOC ke IMF",https://dinasulaeman.wordpress.com/2016/08/18/sejarah-yang-berulang-dari-voc-ke-imf/
,2016,Perempuan Israel,https://dinasulaeman.wordpress.com/2016/08/11/perempuan-israel/
,2016,Pasar Bebas VS Keimanan,https://dinasulaeman.wordpress.com/2016/08/04/pasar-bebas-vs-keimanan/
,2016,"Antara Hillary, Ahok, dan Lawan-Lawannya",https://dinasulaeman.wordpress.com/2016/10/09/antara-hillary-ahok-dan-lawan-lawannya/
,2016,Rangkuman Berita Timteng @ICMES,https://dinasulaeman.wordpress.com/2016/10/03/rangkuman-berita-timteng-icmes/
,2016,"Penindasan Rohingya, Hoax atau Bukan?",https://dinasulaeman.wordpress.com/2016/11/22/penindasan-rohingya-hoax-atau-bukan/
,2016,"Trump Menang, Heran?",https://dinasulaeman.wordpress.com/2016/11/09/trump-menang-heran/
,2016,"Tax Amnesty, Penggusuran, dan Berpikir Filosofis",https://dinasulaeman.wordpress.com/2016/11/09/tax-amnesty-penggusuran-dan-berpikir-filosofis/
,2016,Surat untuk Tempo tentang  Anne “Bana” Frank dari Aleppo,https://dinasulaeman.wordpress.com/2016/12/25/surat-untuk-tempo-tentang-anne-bana-frank-dari-aleppo/
,2016,Pengumuman: Saya Punya Fanpage,https://dinasulaeman.wordpress.com/2016/12/21/pengumuman-saya-punya-fanpage/
,2016,Tanggapan untuk Maimon Herawati,https://dinasulaeman.wordpress.com/2016/12/21/tanggapan-untuk-maimon-herawati/
,2016,"Surat Terbuka Tentang Suriah, Untuk Kang Emil",https://dinasulaeman.wordpress.com/2016/12/19/surat-terbuka-tentang-suriah-untuk-kang-emil/
,2016,Suriah: Menjawab Para Bigot,https://dinasulaeman.wordpress.com/2016/12/18/suriah-menjawab-para-bigot/
,2016,Kekalapan Imperium Pasca Bebasnya Aleppo,https://dinasulaeman.wordpress.com/2016/12/16/kekalapan-imperium-pasca-bebasnya-aleppo/
,2016,Hoax Aleppo dan Logika Media Mainstream,https://dinasulaeman.wordpress.com/2016/12/15/hoax-aleppo-dan-logika-media-mainstream/
,2016,Pengumuman: Saya Diblokir FB 30 Hari,https://dinasulaeman.wordpress.com/2016/12/15/pengumuman-saya-diblokir-fb-30-hari/
,2016,Fall of Aleppo?,https://dinasulaeman.wordpress.com/2016/12/14/fall-of-aleppo/
,2017,Yaman yang Terlupakan,https://dinasulaeman.wordpress.com/2017/01/25/yaman-yang-terlupakan/
,2017,Berunding dengan Kelompok Pemakan Jantung,https://dinasulaeman.wordpress.com/2017/01/25/berunding-dengan-kelompok-pemakan-jantung/
,2017,Trump dan Era Post-Truth (Pasca Kebenaran),https://dinasulaeman.wordpress.com/2017/01/15/trump-dan-era-post-truth-pasca-kebenaran/
,2017,Hoax CNN,https://dinasulaeman.wordpress.com/2017/01/15/hoax-cnn/
,2017,Film: Topeng Teror White Helmets,https://dinasulaeman.wordpress.com/2017/01/11/film-topeng-teror-white-helmets/
,2017,"Israel, Simpatisan ‘Mujahidin’, dan Suriah",https://dinasulaeman.wordpress.com/2017/01/05/israel-simpatisan-mujahidin-dan-suriah/
,2017,London VS Tehran :),https://dinasulaeman.wordpress.com/2017/01/01/london-vs-tehran/
,2017,REFLEKSI 2016: Year of Lies?,https://dinasulaeman.wordpress.com/2017/01/01/refleksi-2016-year-of-lies/
,2017,"Medsos Adalah Fana, Kebencian Abadi?",https://dinasulaeman.wordpress.com/2017/01/01/medsos-adalah-fana-kebencian-abadi/
,2017,Aliran Dana Sumbangan Bangsa Indonesia Ke Suriah,https://dinasulaeman.wordpress.com/2017/01/01/aliran-dana-sumbangan-bangsa-indonesia-ke-suriah/
,2017,"Yaman, Saudi, dan Duitnya",https://dinasulaeman.wordpress.com/2017/02/27/yaman-saudi-dan-duitnya/
,2017,Memahami Kesepakatan Nuklir Iran,https://dinasulaeman.wordpress.com/2017/02/22/memahami-kesepakatan-nuklir-iran/
,2017,Echo-Chamber,https://dinasulaeman.wordpress.com/2017/02/18/echo-chamber/
,2017,Apakah Indonesia Akan Di-Suriah-kan?,https://dinasulaeman.wordpress.com/2017/02/16/4317/
,2017,Bagaimana Media Mendistorsi Informasi,https://dinasulaeman.wordpress.com/2017/02/13/bagaimana-media-mendistorsi-informasi/
,2017,Neoliberalisme dan Timteng,https://dinasulaeman.wordpress.com/2017/02/11/neoliberalisme-dan-timteng/
,2017,"Dari Jabar ke Palestina, Suriah, Balik ke Indonesia",https://dinasulaeman.wordpress.com/2017/02/11/dari-jabar-ke-palestina-suriah-balik-ke-indonesia/
,2017,Petani Kendeng dan Ideologi Pertanian Kita,https://dinasulaeman.wordpress.com/2017/03/25/petani-kendeng-dan-ideologi-pertanian-kita/
,2017,Dari Aleppo ke Jakarta: Mari Menjadi Hoax Buster,https://dinasulaeman.wordpress.com/2017/03/17/dari-aleppo-ke-jakarta-mari-menjadi-hoax-buster/
,2017,Makelar Perang: Bernard Henry Levy,https://dinasulaeman.wordpress.com/2017/03/13/makelar-perang-bernard-henry-levy/
,2017,White Helmets dan Oscar,https://dinasulaeman.wordpress.com/2017/03/10/white-helmets-dan-oscar/
,2017,Tentang Saudi dan Yaman,https://dinasulaeman.wordpress.com/2017/03/10/tentang-saudi-dan-yaman/
,2017,Segera Terbit: Salju di Aleppo,https://dinasulaeman.wordpress.com/2017/03/07/segera-terbit-salju-di-aleppo/
,2017,"Kerjasama Indonesia-Saudi Melawan Terorisme, Serius?",https://dinasulaeman.wordpress.com/2017/03/02/kerjasama-indonesia-saudi-melawan-terorisme-serius/
,2017,Logika Timteng (1),https://dinasulaeman.wordpress.com/2017/04/25/logika-timteng-1/
,2017,Review Buku “Salju di Aleppo”,https://dinasulaeman.wordpress.com/2017/04/19/review-buku-salju-di-aleppo/
,2017,"ISIS Dibentuk AS, Lalu Umat Islam Ngapain?",https://dinasulaeman.wordpress.com/2017/04/11/isis-dibentuk-as-lalu-umat-islam-ngapain/
,2017,"Anak-Anak Itu Tewas, Tapi Oleh Siapa?",https://dinasulaeman.wordpress.com/2017/04/07/anak-anak-itu-tewas-tapi-oleh-siapa/
,2017,Cara Menganalisis Berita dalam Kasus Senjata Kimia di Idlib,https://dinasulaeman.wordpress.com/2017/04/07/cara-menganalisis-berita-dalam-kasus-senjata-kimia-di-idlib/
,2017,Gerak Cepat Para Pengumpul Dana,https://dinasulaeman.wordpress.com/2017/04/06/gerak-cepat-para-pengumpul-dana/
,2017,Serangan Senjata Kimia di Idlib,https://dinasulaeman.wordpress.com/2017/04/06/serangan-senjata-kimia-di-idlib/
,2017,HTI: Gagal Paham Suriah (2),https://dinasulaeman.wordpress.com/2017/04/05/hti-gagal-paham-suriah-2/
,2017,HTI: Gagal Paham Suriah (1),https://dinasulaeman.wordpress.com/2017/04/04/hti-gagal-paham-suriah-1/
,2017,Kisah-Kisah Nyata tentang Radikalisasi Anak Muda,https://dinasulaeman.wordpress.com/2017/05/31/kisah-kisah-nyata-tentang-radikalisasi-anak-muda/
,2017,Para Pemakan Bangkai,https://dinasulaeman.wordpress.com/2017/05/28/para-pemakan-bangkai/
,2017,Terorisme dan Cara Mencegahnya,https://dinasulaeman.wordpress.com/2017/05/25/terorisme-dan-cara-mencegahnya/
,2017,Logika Timteng (6-tamat),https://dinasulaeman.wordpress.com/2017/05/18/logika-timteng-6-tamat/
,2017,Logika Timteng (5),https://dinasulaeman.wordpress.com/2017/05/17/logika-timteng-5/
,2017,Logika Timteng (4),https://dinasulaeman.wordpress.com/2017/05/17/logika-timteng-4/
,2017,Logika Timteng (3),https://dinasulaeman.wordpress.com/2017/05/17/logika-timteng-3/
,2017,Logika Timteng (2),https://dinasulaeman.wordpress.com/2017/05/17/logika-timteng-2/
,2017,Palestina di Tengah Keabsurdan Dunia Islam,https://dinasulaeman.wordpress.com/2017/06/22/palestina-di-tengah-keabsurdan-dunia-islam/
,2017,Kisah Nur dan ISIS,https://dinasulaeman.wordpress.com/2017/06/22/kisah-nur-dan-isis/
,2017,MBS,https://dinasulaeman.wordpress.com/2017/06/22/mbs/
,2017,Beli Buku ‘Salju di Aleppo’,https://dinasulaeman.wordpress.com/2017/06/10/beli-buku-salju-di-aleppo/
,2017,Wawancara Epic Presiden Belarusia & BBC,https://dinasulaeman.wordpress.com/2017/06/03/wawancara-epic-presiden-belarusia-bbc/
,2017,"Buat Imperium, Demokrasi Itu Cuma Jualan",https://dinasulaeman.wordpress.com/2017/06/03/buat-imperium-demokrasi-itu-cuma-jualan/
,2017,Tentang Palestina (1): Berdirinya Israel dan Pengkhianatan Arab,https://dinasulaeman.wordpress.com/2017/07/28/tentang-palestina-1-berdirinya-israel-dan-pengkhianatan-arab/
,2017,Konflik-Konflik Pembuka Tabir,https://dinasulaeman.wordpress.com/2017/07/26/konflik-konflik-pembuka-tabir/
,2017,Falasi Logika Para Pembela Israel (3-tamat),https://dinasulaeman.wordpress.com/2017/07/26/falasi-logika-para-pembela-israel-3-tamat/
,2017,Falasi Logika Para Pembela Israel (2),https://dinasulaeman.wordpress.com/2017/07/26/falasi-logika-para-pembela-israel-2/
,2017,Falasi Logika Para Pembela Israel,https://dinasulaeman.wordpress.com/2017/07/24/falasi-logika-para-pembela-israel/
,2017,Tim Jihad Washington,https://dinasulaeman.wordpress.com/2017/08/16/tim-jihad-washington/
,2017,Palestina: Selalu Ada Buah Busuk dalam Keranjang,https://dinasulaeman.wordpress.com/2017/08/15/palestina-selalu-ada-buah-busuk-dalam-keranjang/
,2017,Jawaban untuk Pembela Israel (File PDF),https://dinasulaeman.wordpress.com/2017/08/14/jawaban-untuk-pembela-israel-file-pdf/
,2017,Mengapa Mereka Membenci Patung?,https://dinasulaeman.wordpress.com/2017/08/12/mengapa-mereka-membenci-patung/
,2017,Aleppo Sebagai Pemicu Ekstrimisme,https://dinasulaeman.wordpress.com/2017/08/11/aleppo-sebagai-pemicu-ekstrimisme/
,2017,Tentang Palestina (4b): Dimana Jalan Keluar?,https://dinasulaeman.wordpress.com/2017/08/11/tentang-palestina-4b-dimana-jalan-keluar/
,2017,Tentang Palestina (4a): Dimana Jalan Keluar?,https://dinasulaeman.wordpress.com/2017/08/11/tentang-palestina-4a-dimana-jalan-keluar/
,2017,Tentang Palestina (3): Mengapa Orang Indonesia Harus Membela Palestina?,https://dinasulaeman.wordpress.com/2017/08/01/tentang-palestina-3-mengapa-orang-indonesia-harus-membela-palestina/
,2017,Tentang Palestina (2): Holocaust,https://dinasulaeman.wordpress.com/2017/08/01/tentang-palestina-2-holocaust/
,2017,Untuk Para Bigot Pembela Israel,https://dinasulaeman.wordpress.com/2017/08/01/untuk-para-bigot-pembela-israel/
,2017,"Rohingya, Yaman, dan Para ‘Jihadis’ (2)",https://dinasulaeman.wordpress.com/2017/09/13/rohingya-yaman-dan-para-jihadis-2/
,2017,"Rohingya, Yaman, dan Para ‘Jihadis’ (1)",https://dinasulaeman.wordpress.com/2017/09/12/rohingya-yaman-dan-para-jihadis-1/
,2017,Rohingya dan Analisis Geopolitik & Ekonomi-Politik,https://dinasulaeman.wordpress.com/2017/09/06/rohingya-dan-analisis-geopolitik-ekonomi-politik/
,2017,Pesan-Pesan untuk Kalian (Tentang Rohingya),https://dinasulaeman.wordpress.com/2017/09/05/pesan-pesan-untuk-kalian-tentang-rohingya/
,2017,Rohingya dan Komoditas Politik Domestik,https://dinasulaeman.wordpress.com/2017/09/04/rohingya-dan-komoditas-politik-domestik/
,2017,Rohingya dan Kita (1-2),https://dinasulaeman.wordpress.com/2017/09/03/rohingya-dan-kita-1-2/
,2017,Mereka yang Menulis dalam Sunyi,https://dinasulaeman.wordpress.com/2017/10/31/mereka-yang-menulis-dalam-sunyi/
,2017,All About Kurdi,https://dinasulaeman.wordpress.com/2017/10/28/all-about-kurdi/
,2017,"Libya, Suriah, dan Klaim Dakwah/Antikekerasan HTI",https://dinasulaeman.wordpress.com/2017/10/27/libya-suriah-dan-klaim-dakwahantikekerasan-hti/
,2017,Analisis Konflik: Aggravating Factor,https://dinasulaeman.wordpress.com/2017/10/25/analisis-konflik-aggravating-factor/
,2017,Unlearn ISIS,https://dinasulaeman.wordpress.com/2017/11/28/unlearn-isis/
,2017,Yahudi Amerika-lah yang Mendorong AS untuk Berperang Lawan Iran,https://dinasulaeman.wordpress.com/2017/11/04/yahudi-amerika-lah-yang-mendorong-as-untuk-berperang-lawan-iran/
,2017,"Issam Zehreddin, Singa Pribumi Suriah",https://dinasulaeman.wordpress.com/2017/11/02/issam-zehreddin-singa-pribumi-suriah/
,2017,Zionis Sawo Matang (ZSM),https://dinasulaeman.wordpress.com/2017/12/30/zionis-sawo-matang-zsm/
,2018,Q&A Tentang Iran (1),https://dinasulaeman.wordpress.com/2018/01/25/qa-tentang-iran/
,2018,Jawaban untuk Smith Alhadar,https://dinasulaeman.wordpress.com/2018/01/19/jawaban-untuk-smith-alhadar/
,2018,Kembali ke Palestina dan Yaman,https://dinasulaeman.wordpress.com/2018/01/16/kembali-ke-palestina-dan-yaman/
,2018,Seberapa Serius Krisis Ekonomi di Iran?,https://dinasulaeman.wordpress.com/2018/01/15/seberapa-serius-krisis-ekonomi-di-iran/
,2018,Ada Apa dengan Iran?,https://dinasulaeman.wordpress.com/2018/01/01/ada-apa-dengan-iran/
,2018,Analisis Kritis Terhadap Media (Kasus East Ghouta),https://dinasulaeman.wordpress.com/2018/02/27/analisis-kritis-terhadap-media-kasus-east-ghouta/
,2018,Siapa yang Ada di East Ghouta?,https://dinasulaeman.wordpress.com/2018/02/27/siapa-yang-ada-di-east-ghouta/
,2018,AS Mengakui Tak Punya Bukti Soal Serangan Gas Kimia di Suriah,https://dinasulaeman.wordpress.com/2018/02/14/as-mengakui-tak-punya-bukti-soal-serangan-gas-kimia-di-suriah/
,2018,"Q&A Tentang Iran (3): Perempuan, Jilbab, dan Ekonomi",https://dinasulaeman.wordpress.com/2018/02/13/qa-tentang-iran-3-perempuan-jilbab-dan-ekonomi/
,2018,Q&A Tentang Iran (2): Tentang Aset dan JCPOA,https://dinasulaeman.wordpress.com/2018/02/13/qa-tentang-iran-2-tentang-aset-dan-jcpoa/
,2018,Mencintai Negeri,https://dinasulaeman.wordpress.com/2018/03/30/mencintai-negeri/
,2018,#CumaNanya,https://dinasulaeman.wordpress.com/2018/03/30/cumananya/
,2018,Syekh Buthy dan Geopolitik,https://dinasulaeman.wordpress.com/2018/03/27/syekh-buthy-dan-geopolitik/
,2018,"Dimana Ada Minyak, di Situ Ada AS",https://dinasulaeman.wordpress.com/2018/03/26/dimana-ada-minyak-di-situ-ada-as/
,2018,Kisah Umat Kristiani di Suriah,https://dinasulaeman.wordpress.com/2018/03/25/kisah-umat-kristiani-di-suriah/
,2018,Ghouta is Saved,https://dinasulaeman.wordpress.com/2018/03/24/ghouta-is-saved/
,2018,"HTI, Indonesia, Libya, dan Suriah",https://dinasulaeman.wordpress.com/2018/03/24/hti-indonesia-libya-dan-suriah/
,2018,Menjawab Para Pembela ACT,https://dinasulaeman.wordpress.com/2018/03/22/menjawab-para-pembela-act/
,2018,"In Memoriam, Syekh Buthy",https://dinasulaeman.wordpress.com/2018/03/20/in-memoriam-syekh-buthy/
,2018,Kemana Uangnya Mengalir?,https://dinasulaeman.wordpress.com/2018/03/20/kemana-uangnya-mengalir/
,2018,Mereka yang Berlumuran Darah Suriah,https://dinasulaeman.wordpress.com/2018/04/13/mereka-yang-berlumuran-darah-suriah/
,2018,Serangan Senjata Kimia di Douma,https://dinasulaeman.wordpress.com/2018/04/11/serangan-senjata-kimia-di-douma/
,2018,Ada Siapa di Idlib?,https://dinasulaeman.wordpress.com/2018/04/07/ada-siapa-di-idlib/
,2018,Tragedi Hari Tanah 2018,https://dinasulaeman.wordpress.com/2018/04/04/tragedi-hari-tanah-2018/
,2018,Mengapa Mengidolakan Erdogan?,https://dinasulaeman.wordpress.com/2018/06/24/mengapa-mengidolakan-erdogan/
,2018,“Umat Islam” Jahat Kepada Yahudi?,https://dinasulaeman.wordpress.com/2018/06/24/umat-islam-jahat-kepada-yahudi/
,2018,Bocah Yaman,https://dinasulaeman.wordpress.com/2018/06/24/bocah-yaman/
,2018,Roger Waters dan Kesadaran Sebagai Manusia,https://dinasulaeman.wordpress.com/2018/06/24/roger-waters-dan-kesadaran-sebagai-manusia/
,2018,Kala Jurnalis Jepang Membela Palestina…,https://dinasulaeman.wordpress.com/2018/07/26/kala-jurnalis-jepang-membela-palestina/
,2018,Ini Tentang Nurani…,https://dinasulaeman.wordpress.com/2018/07/26/ini-tentang-nurani/
,2018,Tentang Dollar,https://dinasulaeman.wordpress.com/2018/07/26/tentang-dollar/
,2018,Israel Membantu White Helmets Demi Apa?,https://dinasulaeman.wordpress.com/2018/07/25/israel-membantu-white-helmets-demi-apa/
,2018,Anak-Anak Palestina,https://dinasulaeman.wordpress.com/2018/07/24/anak-anak-palestina/
,2018,Ini Bukan Pallywood,https://dinasulaeman.wordpress.com/2018/07/24/ini-bukan-pallywood/
,2018,Pengajaran Kebencian di Sekolah Israel,https://dinasulaeman.wordpress.com/2018/07/24/pengajaran-kebencian-di-sekolah-israel/
,2018,Hamas dan Buah Busuk dalam Keranjang,https://dinasulaeman.wordpress.com/2018/07/24/hamas-dan-buah-busuk-dalam-keranjang/
,2018,Ketika Teroris Dievakuasi Tentara Israel (IDF),https://dinasulaeman.wordpress.com/2018/07/24/ketika-teroris-dievakuasi-tentara-israel-idf/
,2018,KONTRA NARASI,https://dinasulaeman.wordpress.com/2018/07/22/kontra-narasi/
,2018,Tentang Nuklir Iran dan Israel …,https://dinasulaeman.wordpress.com/2018/08/30/tentang-nuklir-iran-dan-israel/
,2018,Assad Must Go Curse (Kutukan “Assad Harus Pergi”),https://dinasulaeman.wordpress.com/2018/08/30/assad-must-go-curse-kutukan-assad-harus-pergi/
,2018,McCain,https://dinasulaeman.wordpress.com/2018/08/27/mccain-2/
,2018,Falasi “Ganti Presiden-Ganti Sistem” (Renungan 17 Agustus),https://dinasulaeman.wordpress.com/2018/08/18/falasi-ganti-presiden-ganti-sistem-renungan-17-agustus/
,2018,Ada Jejak Bom AS dalam Serangan Horor Bus Sekolah Yaman,https://dinasulaeman.wordpress.com/2018/08/15/ada-jejak-bom-as-dalam-serangan-horor-bus-sekolah-yaman/
,2018,“Peran Liga Arab Pada Konflik di Timur Tengah Dalam Perspektif Ekonomi-Politik Internasional”,https://dinasulaeman.wordpress.com/2018/08/13/peran-liga-arab-pada-konflik-di-timur-tengah-dalam-perspektif-ekonomi-politik-internasional/
,2018,Pentingnya Palestina Bagi Asia Tenggara,https://dinasulaeman.wordpress.com/2018/08/09/5574/
,2018,Antara Lombok dan Mekah,https://dinasulaeman.wordpress.com/2018/08/08/antara-lombok-dan-mekah/
,2018,"Pengepul donasi Suriah pantang mundur, karena yang mau dibodohi tetap banyak…",https://dinasulaeman.wordpress.com/2018/08/08/pengepul-donasi-suriah-pantang-mundur-karena-yang-mau-dibodohi-tetap-banyak/
,2018,Global Research,https://dinasulaeman.wordpress.com/2018/09/18/global-research/
,2018,Senjata Rusia di Tangan ISIS?,https://dinasulaeman.wordpress.com/2018/09/18/senjata-rusia-di-tangan-isis/
,2018,"Akhirnya, Israel Mengaku Bahwa Mereka Bantu Teroris Suriah",https://dinasulaeman.wordpress.com/2018/09/08/akhirnya-israel-mengaku-bahwa-mereka-bantu-teroris-suriah/
,2018,Mengapa Irlandia Aktif Membela Palestina?,https://dinasulaeman.wordpress.com/2018/09/07/mengapa-irlandia-aktif-membela-palestina/
,2018,Trump dan Suriah,https://dinasulaeman.wordpress.com/2018/09/07/trump-dan-suriah/
,2018,Kekuatan Olahraga,https://dinasulaeman.wordpress.com/2018/09/07/kekuatan-olahraga/
,2018,Miko Peled Membongkar Tiga Mitos Israel,https://dinasulaeman.wordpress.com/2018/09/01/miko-peled-membongkar-tiga-mitos-israel/
,2018,"Panggilan “JIhad”, Kali Ini ke Poso",https://dinasulaeman.wordpress.com/2018/10/30/panggilan-jihad-kali-ini-ke-poso/
,2018,Pray for Lion Air JT 610,https://dinasulaeman.wordpress.com/2018/10/30/pray-for-lion-air-jt-610/
,2018,Teroris Mau Bangun Mall?,https://dinasulaeman.wordpress.com/2018/10/30/teroris-mau-bangun-mall/
,2018,Di Balik Bendera ‘Tauhid’,https://dinasulaeman.wordpress.com/2018/10/25/di-balik-bendera-tauhid/
,2018,Kematian Khashoggi dan Implikasi Geopolitiknya,https://dinasulaeman.wordpress.com/2018/10/20/kematian-khashoggi-dan-implikasi-geopolitiknya/
,2018,Kata Netanyahu: JCPOA Punya Satu Keuntungan Positif.. yaitu…,https://dinasulaeman.wordpress.com/2018/11/28/5687/
,2018,"Bahasa, Logika, Ekstrimisme",https://dinasulaeman.wordpress.com/2018/11/28/5684/
,2018,Islam dan Terorisme Menurut Karen Amstrong,https://dinasulaeman.wordpress.com/2018/11/23/islam-dan-terorisme-menurut-karen-amstrong/
,2018,Sports and IR (Olahraga dan Hubungan Internasional),https://dinasulaeman.wordpress.com/2018/11/12/sports-and-ir-olahraga-dan-hubungan-internasional/
,2018,Umat Muslim di Israel Dilarang Naik Haji oleh Arab Saudi,https://dinasulaeman.wordpress.com/2018/11/12/umat-muslim-di-israel-dilarang-naik-haji-oleh-arab-saudi/
,2018,Bendera Itu (Lagi),https://dinasulaeman.wordpress.com/2018/11/09/bendera-itu-lagi/
,2018,Medsos dan Pergeseran Gaya Diplomasi,https://dinasulaeman.wordpress.com/2018/11/06/medsos-dan-pergeseran-gaya-diplomasi/
,2018,Wawancara dengan Andre Vltchek tentang Timteng,https://dinasulaeman.wordpress.com/2018/11/01/5667/
,2018,TENTANG CHINA DAN UYGHUR (2),https://dinasulaeman.wordpress.com/2018/12/29/tentang-china-dan-uyghur-2/
,2018,Tentang China dan Uyghur (1) : Metodologi,https://dinasulaeman.wordpress.com/2018/12/29/tentang-china-dan-uyghur-1-metodologi/
,2018,China dan Timur Tengah,https://dinasulaeman.wordpress.com/2018/12/27/china-dan-timur-tengah/
,2018,Kesetiaan Indonesia Pada Palestina,https://dinasulaeman.wordpress.com/2018/12/15/kesetiaan-indonesia-pada-palestina/
,2018,"Reportase Saya dari Iran, Soal Hezbollah",https://dinasulaeman.wordpress.com/2018/12/14/reportase-saya-dari-iran-soal-hezbollah/
,2018,Suriah dan Orang-Orang Prancis,https://dinasulaeman.wordpress.com/2018/12/10/suriah-dan-orang-orang-prancis/
,2018,Seandainya ini foto dari Teheran (atau Damaskus)…,https://dinasulaeman.wordpress.com/2018/12/10/seandainya-ini-foto-dari-teheran-atau-damaskus/
,2018,Apakah Dubes Saudi Perlu Diusir?,https://dinasulaeman.wordpress.com/2018/12/05/apakah-dubes-saudi-perlu-diusir/
,2019,Catatan Bedah Buku Prahara Suriah,https://dinasulaeman.wordpress.com/2019/01/19/catatan-bedah-buku-prahara-suriah/
,2019,#10yearschallenge of Syria,https://dinasulaeman.wordpress.com/2019/01/17/10yearschallenge-of-syria/
,2019,"Prahara Suriah, Hoax, Media Sosial, Perpecahan Bangsa",https://dinasulaeman.wordpress.com/2019/01/16/prahara-suriah-hoax-media-sosial-perpecahan-bangsa/
,2019,BEDAH BUKU “PRAHARA SURIAH” & “SALJU DI ALEPPO”,https://dinasulaeman.wordpress.com/2019/01/16/bedah-buku-prahara-suriah-salju-di-aleppo/
,2019,PENGUMUMAN,https://dinasulaeman.wordpress.com/2019/01/16/pengumuman/
,2019,Tentang Beliau,https://dinasulaeman.wordpress.com/2019/01/16/tentang-beliau/
,2019,Menguji Konsep NKRI Bersyariah dalam Politik Global,https://dinasulaeman.wordpress.com/2019/01/07/menguji-konsep-nkri-bersyariah-dalam-politik-global/
,2019,PDF Prahara Suriah,https://dinasulaeman.wordpress.com/2019/01/01/pdf-prahara-suriah/
,2019,Israel di Balik Kisruh Venezuela (2),https://dinasulaeman.wordpress.com/2019/02/25/israel-di-balik-kisruh-venezuela-2/
,2019,(Lagi-Lagi) Ada Israel di Balik Venezuela,https://dinasulaeman.wordpress.com/2019/02/15/lagi-lagi-ada-israel-di-balik-venezuela/
,2019,Venezuela dan Pelajaran Buat Indonesia,https://dinasulaeman.wordpress.com/2019/02/11/venezuela-dan-pelajaran-buat-indonesia/
,2019,Pembantaian dan Industri Kebencian (2),https://dinasulaeman.wordpress.com/2019/04/25/pembantaian-dan-industri-kebencian-2/
,2019,Pembantaian dan Industri Kebencian (1),https://dinasulaeman.wordpress.com/2019/04/25/pembantaian-dan-industri-kebencian-1/
,2019,Catatan Harian Warga AS: “Kelompok Teroris Adalah Sekutu Kita”,https://dinasulaeman.wordpress.com/2019/04/10/catatan-harian-warga-as-kelompok-teroris-adalah-sekutu-kita/
,2019,Khilafah in Context,https://dinasulaeman.wordpress.com/2019/04/03/khilafah-in-context/
,2019,"Khilafah, Khalifah, Hoax, dan Terorisme",https://dinasulaeman.wordpress.com/2019/04/03/khilafah-khalifah-hoax-dan-terorisme/
,2019,Diplomasi Zaman Now vs Diplomasi Era Zadoel,https://dinasulaeman.wordpress.com/2019/04/02/diplomasi-zaman-now-vs-diplomasi-era-zadoel/
,2019,"Indonesia, Pelajarilah Perilaku Ikhwanul Muslimin di Suriah",https://dinasulaeman.wordpress.com/2019/06/11/indonesia-pelajarilah-perilaku-ikhwanul-muslimin-di-suriah/
,2019,"Saatnya Memilih, Mau Berpihak Kemana?",https://dinasulaeman.wordpress.com/2019/06/11/saatnya-memilih-mau-berpihak-kemana/
,2019,"Demokrasi, Palestina, dan Para Pecundang di Indonesia",https://dinasulaeman.wordpress.com/2019/06/11/demokrasi-palestina-dan-para-pecundang-di-indonesia/
,2019,Menyambut Hari Al-Quds Internasional 2019,https://dinasulaeman.wordpress.com/2019/06/11/menyambut-hari-al-quds-internasional-2019/
,2019,Waspadai Bisnis Penggulingan “Rezim”,https://dinasulaeman.wordpress.com/2019/06/10/waspadai-bisnis-penggulingan-rezim/
,2019,Paus dan Palestina,https://dinasulaeman.wordpress.com/2019/06/10/paus-dan-palestina/
,2019,Imam Palestina,https://dinasulaeman.wordpress.com/2019/06/09/imam-palestina/